date,adjusted_close
2022-05-02,27.219999313354492
2022-05-03,27.680000305175781
2022-05-04,27.680000305175781
2022-05-05,27.680000305175781
2022-05-06,27.680000305175781
2022-05-09,27.680000305175781
2022-05-10,25.655000686645508
2022-05-11,25.655000686645508
2022-05-12,25.655000686645508
2022-05-13,25.655000686645508
2022-05-16,25.655000686645508
2022-05-17,26.444999694824219
2022-05-18,26.444999694824219
2022-05-19,26.444999694824219
2022-05-20,26.069999694824219
2022-05-23,26.069999694824219
2022-05-24,26.069999694824219
2022-05-25,26.069999694824219
2022-05-26,26.069999694824219
2022-05-27,27.184999465942383
2022-05-30,27.184999465942383
2022-05-31,27.184999465942383
2022-06-01,27.184999465942383
2022-06-02,27.184999465942383
2022-06-03,27.200000762939453
2022-06-06,27.760000228881836
2022-06-07,27.545000076293945
2022-06-08,27.545000076293945
2022-06-09,27.545000076293945
2022-06-10,26.575000762939453
2022-06-13,26.575000762939453
2022-06-14,26.575000762939453
2022-06-15,26.575000762939453
2022-06-16,26.575000762939453
2022-06-17,26.575000762939453
2022-06-20,26.575000762939453
2022-06-21,26.575000762939453
2022-06-22,26.575000762939453
2022-06-23,24.989999771118164
2022-06-24,24.989999771118164
2022-06-27,24.989999771118164
2022-06-28,24.989999771118164
2022-06-29,24.989999771118164
2022-06-30,24.989999771118164
2022-07-01,24.989999771118164
2022-07-04,24.989999771118164
2022-07-05,24.989999771118164
2022-07-06,24.989999771118164
2022-07-07,24.989999771118164
2022-07-08,24.989999771118164
2022-07-11,24.989999771118164
2022-07-12,24.989999771118164
2022-07-13,24.989999771118164
2022-07-14,24.989999771118164
2022-07-15,24.989999771118164
2022-07-18,24.989999771118164
2022-07-19,26.579999923706055
2022-07-20,26.979999542236328
2022-07-21,26.979999542236328
2022-07-22,26.979999542236328
2022-07-25,27.200000762939453
2022-07-26,27.200000762939453
2022-07-27,27.200000762939453
2022-07-28,29.024999618530273
2022-07-29,29.024999618530273
2022-08-01,29.024999618530273
2022-08-02,29.024999618530273
2022-08-03,29.305000305175781
2022-08-04,29.094999313354492
2022-08-05,29.104999542236328
2022-08-08,29.245000839233398
2022-08-09,29.245000839233398
2022-08-10,29.245000839233398
2022-08-11,29.245000839233398
2022-08-12,30.004999160766602
2022-08-16,30.309999465942383
2022-08-17,30.309999465942383
2022-08-18,30.309999465942383
2022-08-19,29.909999847412109
2022-08-22,29.909999847412109
2022-08-23,29.909999847412109
2022-08-24,29.909999847412109
2022-08-25,29.674999237060547
2022-08-26,29.149999618530273
2022-08-29,28.569999694824219
2022-08-30,28.315000534057617
2022-08-31,27.915000915527344
2022-09-01,27.915000915527344
2022-09-02,28.25
2022-09-05,28.25
2022-09-06,28.25
2022-09-07,28.25
2022-09-08,28.25
2022-09-09,28.25
2022-09-12,28.25
2022-09-13,28.25
2022-09-14,28.25
2022-09-15,28.25
2022-09-16,28.25
2022-09-19,28.25
2022-09-20,28.25
2022-09-21,28.25
2022-09-22,28.25
2022-09-23,28.25
2022-09-26,28.25
2022-09-27,26.879999160766602
2022-09-28,26.879999160766602
2022-09-29,26.879999160766602
2022-09-30,26.879999160766602
2022-10-03,26.299999237060547
2022-10-04,27.149999618530273
2022-10-05,26.659999847412109
2022-10-06,26.659999847412109
2022-10-07,26.659999847412109
2022-10-10,26.659999847412109
2022-10-11,26.659999847412109
2022-10-12,26.659999847412109
2022-10-13,26.659999847412109
2022-10-14,26.659999847412109
2022-10-17,26.659999847412109
2022-10-18,26.389999389648438
2022-10-19,26.389999389648438
2022-10-20,26.389999389648438
2022-10-21,26.389999389648438
2022-10-24,26.389999389648438
2022-10-25,26.389999389648438
2022-10-26,26.389999389648438
2022-10-27,26.389999389648438
2022-10-28,26.389999389648438
2022-10-31,26.389999389648438
2022-11-01,26.389999389648438
2022-11-02,26.389999389648438
2022-11-03,26.389999389648438
2022-11-04,26.389999389648438
2022-11-07,26.389999389648438
2022-11-08,26.389999389648438
2022-11-09,26.389999389648438
2022-11-10,26.389999389648438
2022-11-11,26.389999389648438
2022-11-14,26.389999389648438
2022-11-15,29.594999313354492
2022-11-16,29.264999389648438
2022-11-17,29.120000839233398
2022-11-18,29.620000839233398
2022-11-21,29.620000839233398
2022-11-22,29.620000839233398
2022-11-23,29.620000839233398
2022-11-24,29.620000839233398
2022-11-25,29.620000839233398
2022-11-28,29.620000839233398
2022-11-29,29.620000839233398
2022-11-30,29.514999389648438
2022-12-01,29.514999389648438
2022-12-02,29.514999389648438
2022-12-05,29.514999389648438
2022-12-06,29.209999084472656
2022-12-07,29.209999084472656
2022-12-08,29.129999160766602
2022-12-09,29.129999160766602
2022-12-12,29.129999160766602
2022-12-13,29.129999160766602
2022-12-14,29.129999160766602
2022-12-15,29.129999160766602
2022-12-16,29.129999160766602
2022-12-19,29.129999160766602
2022-12-20,28.059999465942383
2022-12-21,28.059999465942383
2022-12-22,28.059999465942383
2022-12-23,28.059999465942383
2022-12-27,27.879999160766602
2022-12-28,27.879999160766602
2022-12-29,27.879999160766602
2022-12-30,27.879999160766602
2023-01-02,27.879999160766602
2023-01-03,27.895000457763672
2023-01-04,28.149999618530273
2023-01-05,28.149999618530273
2023-01-06,28.149999618530273
2023-01-09,28.584999084472656
2023-01-10,28.284999847412109
2023-01-11,28.284999847412109
2023-01-12,28.284999847412109
2023-01-13,28.284999847412109
2023-01-16,28.284999847412109
2023-01-17,28.284999847412109
2023-01-18,28.284999847412109
2023-01-19,28.284999847412109
2023-01-20,28.319999694824219
2023-01-23,28.825000762939453
2023-01-24,28.950000762939453
2023-01-25,28.950000762939453
2023-01-26,28.950000762939453
2023-01-27,28.950000762939453
2023-01-30,28.950000762939453
2023-01-31,28.950000762939453
2023-02-01,29.264999389648438
2023-02-02,29.264999389648438
2023-02-03,29.840000152587891
2023-02-06,29.840000152587891
2023-02-07,29.840000152587891
2023-02-08,29.760000228881836
2023-02-09,29.760000228881836
2023-02-10,29.729999542236328
2023-02-13,29.729999542236328
2023-02-14,29.729999542236328
2023-02-15,30.5
2023-02-16,30.504999160766602
2023-02-17,30.149999618530273
2023-02-20,30.125
2023-02-21,29.825000762939453
2023-02-22,29.825000762939453
2023-02-23,30.004999160766602
2023-02-24,29.729999542236328
2023-02-27,29.729999542236328
2023-02-28,30.024999618530273
2023-03-01,29.795000076293945
2023-03-02,29.760000228881836
2023-03-03,29.760000228881836
2023-03-06,29.760000228881836
2023-03-07,29.760000228881836
2023-03-08,30.459999084472656
2023-03-09,30.459999084472656
2023-03-10,30.459999084472656
2023-03-13,30.459999084472656
2023-03-14,29.809999465942383
2023-03-15,29.045000076293945
2023-03-16,29.045000076293945
2023-03-17,29.045000076293945
2023-03-20,29.045000076293945
2023-03-21,29.045000076293945
2023-03-22,29.350000381469727
2023-03-23,29.350000381469727
2023-03-24,29.350000381469727
2023-03-27,29.350000381469727
2023-03-28,29.350000381469727
2023-03-29,29.385000228881836
2023-03-30,29.385000228881836
2023-03-31,30.114999771118164
2023-04-03,29.920000076293945
2023-04-04,29.920000076293945
2023-04-05,29.094999313354492
2023-04-06,29.094999313354492
2023-04-11,29.350000381469727
2023-04-12,29.350000381469727
2023-04-13,29.350000381469727
2023-04-14,29.350000381469727
2023-04-17,29.350000381469727
2023-04-18,29.915000915527344
2023-04-19,29.915000915527344
2023-04-20,29.915000915527344
2023-04-21,29.915000915527344
2023-04-24,29.915000915527344
2023-04-25,29.915000915527344
2023-04-26,29.915000915527344
2023-04-27,29.125
2023-04-28,29.125
2023-05-02,29.125
2023-05-03,29.299999237060547
2023-05-04,29.299999237060547
2023-05-05,29.299999237060547
2023-05-08,29.299999237060547
2023-05-09,29.299999237060547
2023-05-10,29.299999237060547
2023-05-11,29.299999237060547
2023-05-12,30.055000305175781
2023-05-15,30.219999313354492
2023-05-16,30.219999313354492
2023-05-17,30.295000076293945
2023-05-18,30.295000076293945
2023-05-19,30.639999389648438
2023-05-22,30.639999389648438
2023-05-23,30.639999389648438
2023-05-24,30.639999389648438
2023-05-25,30.639999389648438
2023-05-26,30.639999389648438
2023-05-29,30.639999389648438
2023-05-30,30.639999389648438
2023-05-31,30.639999389648438
2023-06-01,30.639999389648438
2023-06-02,31.680000305175781
2023-06-05,31.680000305175781
2023-06-06,31.854999542236328
2023-06-07,31.985000610351562
2023-06-08,31.985000610351562
2023-06-09,31.940000534057617
2023-06-12,32.229999542236328
2023-06-13,32.494998931884766
2023-06-14,32.494998931884766
2023-06-15,32.5
2023-06-16,32.5
2023-06-19,32.5
2023-06-20,31.924999237060547
2023-06-21,31.924999237060547
2023-06-22,31.924999237060547
2023-06-23,31.924999237060547
2023-06-26,31.575000762939453
2023-06-27,31.575000762939453
2023-06-28,31.905000686645508
2023-06-29,31.905000686645508
2023-06-30,31.905000686645508
2023-07-03,32.634998321533203
2023-07-04,32.634998321533203
2023-07-05,32.470001220703125
2023-07-06,31.879999160766602
2023-07-07,31.934999465942383
2023-07-10,31.995000839233398
2023-07-11,32.090000152587891
2023-07-12,32.090000152587891
2023-07-13,32.090000152587891
2023-07-14,32.090000152587891
2023-07-17,32.419998168945312
2023-07-18,32.419998168945312
2023-07-19,32.599998474121094
2023-07-20,32.599998474121094
2023-07-21,32.669998168945312
2023-07-24,32.669998168945312
2023-07-25,32.994998931884766
2023-07-26,32.470001220703125
2023-07-27,32.715000152587891
2023-07-28,32.715000152587891
2023-07-31,32.715000152587891
2023-08-01,32.715000152587891
2023-08-02,31.930000305175781
2023-08-03,31.465000152587891
2023-08-04,31.465000152587891
2023-08-07,31.239999771118164
2023-08-08,31.059999465942383
2023-08-09,31.100000381469727
2023-08-10,31.100000381469727
2023-08-11,31.100000381469727
2023-08-14,31.100000381469727
2023-08-16,30.684999465942383
2023-08-17,30.684999465942383
2023-08-18,30.684999465942383
2023-08-21,30.174999237060547
2023-08-22,30.174999237060547
2023-08-23,30.174999237060547
2023-08-24,30.174999237060547
2023-08-25,30.174999237060547
2023-08-28,31.184999465942383
2023-08-29,31.375
2023-08-30,31.375
2023-08-31,31.375
2023-09-01,31.680000305175781
2023-09-04,31.649999618530273
2023-09-05,31.620000839233398
2023-09-06,31.620000839233398
2023-09-07,31.385000228881836
2023-09-08,31.344999313354492
2023-09-11,31.270000457763672
2023-09-12,31.270000457763672
2023-09-13,31.270000457763672
2023-09-14,31.270000457763672
2023-09-15,31.209999084472656
2023-09-18,31.209999084472656
2023-09-19,30.799999237060547
2023-09-20,31.059999465942383
2023-09-21,31.059999465942383
2023-09-22,31.059999465942383
2023-09-25,30.295000076293945
2023-09-26,30.295000076293945
2023-09-27,30.125
2023-09-28,30.135000228881836
2023-09-29,30.299999237060547
2023-10-02,30.299999237060547
2023-10-03,30.299999237060547
2023-10-04,29.444999694824219
2023-10-05,29.329999923706055
2023-10-06,29.329999923706055
2023-10-09,29.329999923706055
2023-10-10,29.329999923706055
2023-10-11,29.329999923706055
2023-10-12,29.329999923706055
2023-10-13,29.329999923706055
2023-10-16,29.885000228881836
2023-10-17,29.844999313354492
2023-10-18,29.284999847412109
2023-10-19,29.284999847412109
2023-10-20,27.704999923706055
2023-10-23,27.780000686645508
2023-10-24,27.969999313354492
2023-10-25,27.969999313354492
2023-10-26,27.909999847412109
2023-10-27,27.909999847412109
2023-10-30,27.909999847412109
2023-10-31,27.565000534057617
2023-11-01,27.915000915527344
2023-11-02,28.120000839233398
2023-11-03,28.485000610351562
2023-11-06,28.379999160766602
2023-11-07,28.334999084472656
2023-11-08,28.334999084472656
2023-11-09,28.579999923706055
2023-11-10,28.610000610351562
2023-11-13,28.754999160766602
2023-11-14,29.295000076293945
2023-11-15,29.584999084472656
2023-11-16,29.385000228881836
2023-11-17,29.385000228881836
2023-11-20,29.534999847412109
2023-11-21,29.635000228881836
2023-11-22,29.799999237060547
2023-11-23,29.735000610351562
2023-11-24,29.704999923706055
2023-11-27,29.704999923706055
2023-11-28,29.704999923706055
2023-11-29,29.819999694824219
2023-11-30,29.819999694824219
2023-12-01,30.354999542236328
2023-12-04,30.385000228881836
2023-12-05,30.385000228881836
2023-12-06,30.870000839233398
2023-12-07,30.745000839233398
2023-12-08,31.084999084472656
2023-12-11,31.284999847412109
2023-12-12,31.284999847412109
2023-12-13,30.959999084472656
2023-12-14,31.655000686645508
2023-12-15,31.995000839233398
2023-12-18,31.725000381469727
2023-12-19,31.915000915527344
2023-12-20,32.150001525878906
2023-12-21,31.934999465942383
2023-12-22,32.034999847412109
2023-12-27,32.090000152587891
2023-12-28,32.205001831054688
2023-12-29,32.115001678466797
2024-01-02,31.959999084472656
2024-01-03,31.370000839233398
2024-01-04,31.475000381469727
2024-01-05,31.475000381469727
2024-01-08,31.475000381469727
2024-01-09,31.385000228881836
2024-01-10,31.415000915527344
2024-01-11,31.415000915527344
2024-01-12,31.475000381469727
2024-01-15,31.415000915527344
2024-01-16,31.260000228881836
2024-01-17,30.825000762939453
2024-01-18,31.055000305175781
2024-01-19,30.924999237060547
2024-01-22,31.360000610351562
2024-01-23,31.299999237060547
2024-01-24,31.590000152587891
2024-01-25,31.504999160766602
2024-01-26,31.704999923706055
2024-01-29,31.805000305175781
2024-01-30,31.870000839233398
2024-01-31,31.725000381469727
2024-02-01,31.790000915527344
2024-02-02,32.235000610351562
2024-02-05,32.104999542236328
2024-02-06,32.314998626708984
2024-02-07,32.610000610351562
2024-02-08,32.650001525878906
2024-02-09,32.764999389648438
2024-02-12,33.244998931884766
2024-02-13,32.599998474121094
2024-02-14,32.915000915527344
2024-02-15,33.275001525878906
2024-02-16,33.544998168945312
2024-02-19,33.349998474121094
2024-02-20,32.939998626708984
2024-02-21,33.075000762939453
2024-02-22,33.689998626708984
2024-02-23,33.665000915527344
2024-02-26,33.694999694824219
2024-02-27,33.744998931884766
2024-02-28,33.729999542236328
2024-02-29,34.125
2024-03-01,34.255001068115234
2024-03-04,34.314998626708984
2024-03-05,34.125
2024-03-06,34.435001373291016
2024-03-07,34.834999084472656
2024-03-08,34.939998626708984
2024-03-11,34.485000610351562
2024-03-12,34.819999694824219
2024-03-13,34.924999237060547
2024-03-14,34.950000762939453
2024-03-15,34.810001373291016
2024-03-18,35.049999237060547
2024-03-19,35.069999694824219
2024-03-20,35.345001220703125
2024-03-21,35.924999237060547
2024-03-22,36.025001525878906
2024-03-25,35.930000305175781
2024-03-26,35.919998168945312
2024-03-27,35.919998168945312
2024-03-28,36.060001373291016
2024-04-02,35.705001831054688
2024-04-03,35.944999694824219
2024-04-04,36.154998779296875
2024-04-05,35.525001525878906
2024-04-08,35.779998779296875
2024-04-09,35.540000915527344
2024-04-10,35.645000457763672
2024-04-11,35.645000457763672
2024-04-12,35.900001525878906
2024-04-15,35.810001373291016
2024-04-16,35.159999847412109
2024-04-17,34.944999694824219
2024-04-18,35.604999542236328
2024-04-19,35.229999542236328
2024-04-22,34.990001678466797
2024-04-23,35.400001525878906
2024-04-24,35.645000457763672
2024-04-25,35.290000915527344
2024-04-26,36.064998626708984
2024-04-29,36.299999237060547
2024-04-30,35.895000457763672
2024-05-02,35.669998168945312
2024-05-03,36.025001525878906
2024-05-06,36.599998474121094
2024-05-07,36.919998168945312
2024-05-08,37.165000915527344
2024-05-09,37.264999389648438
2024-05-10,37.354999542236328
2024-05-13,37.375
2024-05-14,37.415000915527344
2024-05-15,37.955001831054688
2024-05-16,37.794998168945312
2024-05-17,37.455001831054688
2024-05-20,37.740001678466797
2024-05-21,37.830001831054688
2024-05-22,38.060001373291016
2024-05-23,37.924999237060547
2024-05-24,38.220001220703125
2024-05-27,38.299999237060547
2024-05-28,38.165000915527344
2024-05-29,37.395000457763672
2024-05-30,37.490001678466797
2024-05-31,37.159999847412109
2024-06-03,37.325000762939453
2024-06-04,37.060001373291016
2024-06-05,37.619998931884766
2024-06-06,37.479999542236328
2024-06-07,37.439998626708984
2024-06-10,37.709999084472656
2024-06-11,37.430000305175781
2024-06-12,38.025001525878906
2024-06-13,37.779998779296875
2024-06-14,37.494998931884766
2024-06-17,37.415000915527344
2024-06-18,37.814998626708984
2024-06-19,37.889999389648438
2024-06-20,37.959999084472656
2024-06-21,37.819999694824219
2024-06-24,37.514999389648438
2024-06-25,37.235000610351562
2024-06-26,36.965000152587891
2024-06-27,36.974998474121094
2024-06-28,37.064998626708984
2024-07-01,36.709999084472656
2024-07-02,36.729999542236328
2024-07-03,37.189998626708984
2024-07-04,37.435001373291016
2024-07-05,37.235000610351562
2024-07-08,37.540000915527344
2024-07-09,37.485000610351562
2024-07-10,37.875
2024-07-11,38.415000915527344
2024-07-12,38.610000610351562
2024-07-15,38.319999694824219
2024-07-16,38.424999237060547
2024-07-17,37.755001068115234
2024-07-18,37.325000762939453
2024-07-19,37.069999694824219
2024-07-22,37.365001678466797
2024-07-23,37.834999084472656
2024-07-24,37.185001373291016
2024-07-25,36.650001525878906
2024-07-26,36.915000915527344
2024-07-29,36.880001068115234
2024-07-30,36.705001831054688
2024-07-31,37.794998168945312
2024-08-01,36.880001068115234
2024-08-02,35.125
2024-08-05,34.305000305175781
2024-08-06,34.534999847412109
2024-08-07,35.235000610351562
2024-08-08,35.415000915527344
2024-08-09,35.415000915527344
2024-08-12,35.584999084472656
2024-08-13,35.849998474121094
2024-08-14,35.990001678466797
2024-08-16,36.599998474121094
2024-08-19,36.840000152587891
2024-08-20,36.724998474121094
2024-08-21,36.930000305175781
2024-08-22,36.974998474121094
2024-08-23,37.025001525878906
2024-08-26,37.095001220703125
2024-08-27,36.959999084472656
2024-08-28,37.044998168945312
2024-08-29,37.509998321533203
2024-08-30,37.485000610351562
2024-09-02,37.674999237060547
2024-09-03,37.014999389648438
2024-09-04,36.540000915527344
2024-09-05,36.270000457763672
2024-09-06,35.654998779296875
2024-09-09,36.104999542236328
2024-09-10,36.264999389648438
2024-09-11,36.314998626708984
2024-09-12,37.075000762939453
2024-09-13,37.450000762939453
2024-09-16,37.369998931884766
2024-09-17,37.994998931884766
2024-09-18,37.865001678466797
2024-09-19,38.564998626708984
2024-09-20,38.560001373291016
2024-09-23,38.700000762939453
2024-09-24,39.064998626708984
2024-09-25,38.834999084472656
2024-09-26,39.169998168945312
2024-09-27,39.180000305175781
2024-09-30,39.194999694824219
2024-10-01,39.044998168945312
2024-10-02,38.985000610351562
2024-10-03,38.794998168945312
2024-10-04,38.869998931884766
2024-10-07,39.029998779296875
2024-10-08,39.095001220703125
2024-10-09,39.470001220703125
2024-10-10,39.259998321533203
2024-10-11,39.474998474121094
2024-10-14,39.805000305175781
2024-10-15,39.470001220703125
2024-10-16,39.450000762939453
2024-10-17,40.014999389648438
2024-10-18,39.805000305175781
2024-10-21,39.615001678466797
2024-10-22,39.540000915527344
2024-10-23,39.345001220703125
2024-10-24,39.494998931884766
2024-10-25,39.715000152587891
2024-10-28,39.904998779296875
2024-10-29,39.555000305175781
2024-10-30,39.205001831054688
2024-10-31,38.209999084472656
2024-11-01,38.555000305175781
2024-11-04,38.5
2024-11-05,38.645000457763672
2024-11-06,39.805000305175781
2024-11-07,40
2024-11-08,40.180000305175781
2024-11-11,40.900001525878906
2024-11-12,40.220001220703125
2024-11-13,40.284999847412109
2024-11-14,40.375
2024-11-15,40.044998168945312
2024-11-18,39.979999542236328
2024-11-19,40.005001068115234
2024-11-20,39.794998168945312
2024-11-21,40.689998626708984
2024-11-22,41.189998626708984
2024-11-25,41.294998168945312
2024-11-26,41.095001220703125
2024-11-27,40.509998321533203
2024-11-28,40.534999847412109
2024-11-29,40.919998168945312
2024-12-02,41.115001678466797
2024-12-03,40.965000152587891
2024-12-04,41.115001678466797
2024-12-05,41.169998168945312
2024-12-06,41.055000305175781
2024-12-09,40.619998931884766
2024-12-10,40.599998474121094
2024-12-11,40.849998474121094
2024-12-12,40.75
2024-12-13,40.494998931884766
2024-12-16,40.564998626708984
2024-12-17,40.384998321533203
2024-12-18,40.569999694824219
2024-12-19,39.525001525878906
2024-12-20,39.770000457763672
2024-12-23,39.595001220703125
2024-12-27,39.669998168945312
2024-12-30,39.369998931884766
2025-01-02,40.060001373291016
2025-01-03,39.970001220703125
2025-01-06,40.569999694824219
2025-01-07,40.275001525878906
2025-01-08,40.049999237060547
2025-01-09,40.255001068115234
2025-01-10,39.639999389648438
2025-01-13,39.430000305175781
2025-01-14,39.625
2025-01-15,40.279998779296875
2025-01-16,40.485000610351562
2025-01-17,41.005001068115234
2025-01-20,40.919998168945312
2025-01-21,41.034999847412109
2025-01-22,41.965000152587891
2025-01-23,41.935001373291016
2025-01-24,41.700000762939453
2025-01-27,39.159999847412109
2025-01-28,38.665000915527344
2025-01-29,39.314998626708984
2025-01-30,39.895000457763672
2025-01-31,40.490001678466797
2025-02-03,39.514999389648438
2025-02-04,39.294998168945312
2025-02-05,39.540000915527344
2025-02-06,40.099998474121094
2025-02-07,40.375
2025-02-10,40.310001373291016
2025-02-11,40.224998474121094
2025-02-12,39.625
2025-02-13,40
2025-02-14,40.270000457763672
2025-02-17,40.389999389648438
2025-02-18,40.700000762939453
2025-02-19,40.680000305175781
2025-02-20,40.590000152587891
2025-02-21,40.514999389648438
2025-02-24,39.630001068115234
2025-02-25,38.819999694824219
2025-02-26,39.764999389648438
2025-02-27,39.419998168945312
2025-02-28,38.514999389648438
2025-03-03,38.284999847412109
2025-03-04,37.049999237060547
2025-03-05,36.974998474121094
2025-03-06,36.860000610351562
2025-03-07,36.444999694824219
2025-03-10,36.25
2025-03-11,35.799999237060547
2025-03-12,36.685001373291016
2025-03-13,36.125
2025-03-14,36.799999237060547
2025-03-17,37.150001525878906
2025-03-18,37.014999389648438
2025-03-19,37.694999694824219
2025-03-20,37.755001068115234
2025-03-21,37.354999542236328
2025-03-24,37.919998168945312
2025-03-25,37.974998474121094
2025-03-26,37.334999084472656
2025-03-27,36.930000305175781
2025-03-28,36.209999084472656
2025-03-31,35.544998168945312
2025-04-01,36.180000305175781
2025-04-02,36.194999694824219
2025-04-03,34.549999237060547
2025-04-04,32.939998626708984
2025-04-07,31.920000076293945
2025-04-08,33.069999694824219
2025-04-09,31.674999237060547
2025-04-10,33.095001220703125
2025-04-11,32.955001831054688
2025-04-14,33.849998474121094
2025-04-15,34.430000305175781
2025-04-16,34.069999694824219
2025-04-17,33.884998321533203
2025-04-22,33.509998321533203
2025-04-23,34.590000152587891
2025-04-24,34.915000915527344
2025-04-25,35.450000762939453
2025-04-28,35.534999847412109
2025-04-29,35.435001373291016
2025-04-30,35.590000152587891
2025-05-02,36.875
2025-05-05,37.069999694824219
2025-05-06,36.884998321533203
2025-05-07,36.810001373291016
2025-05-08,37.595001220703125
2025-05-09,37.435001373291016
2025-05-12,38.740001678466797
2025-05-13,39.194999694824219
2025-05-14,39.205001831054688
2025-05-15,39.404998779296875
2025-05-16,39.490001678466797
2025-05-19,39.360000610351562
2025-05-20,39.700000762939453
2025-05-21,39.465000152587891
2025-05-22,39.139999389648438
2025-05-23,38.840000152587891
2025-05-26,39.360000610351562
2025-05-27,39.784999847412109
2025-05-28,39.700000762939453
2025-05-29,39.490001678466797
2025-05-30,39.325000762939453
2025-06-02,38.909999847412109
2025-06-03,39.444999694824219
2025-06-04,39.634998321533203
2025-06-05,39.494998931884766
2025-06-06,39.869998931884766
2025-06-09,39.744998931884766
2025-06-10,39.875
2025-06-11,39.814998626708984
2025-06-12,39.709999084472656
2025-06-13,39.580001831054688
2025-06-16,40.229999542236328
2025-06-17,39.950000762939453
2025-06-18,39.950000762939453
2025-06-19,39.619998931884766
2025-06-20,39.680000305175781
2025-06-23,39.610000610351562
2025-06-24,40.419998168945312
2025-06-25,40.080001831054688
2025-06-26,40.145000457763672
2025-06-27,40.880001068115234
2025-06-30,40.735000610351562
2025-07-01,40.439998626708984
2025-07-02,40.540000915527344
2025-07-03,41.080001831054688
2025-07-04,40.599998474121094
2025-07-07,40.680000305175781
2025-07-08,40.729999542236328
2025-07-09,40.900001525878906
2025-07-10,41.049999237060547
2025-07-11,40.924999237060547
2025-07-14,40.944999694824219
2025-07-15,41.580001831054688
2025-07-16,40.950000762939453
2025-07-17,42.430000305175781
2025-07-18,42.490001678466797
2025-07-21,42.375
2025-07-22,41.845001220703125
2025-07-23,42.400001525878906
2025-07-24,42.409999847412109
2025-07-25,42.534999847412109
2025-07-28,42.830001831054688
2025-07-29,42.759998321533203
2025-07-30,43.025001525878906
2025-07-31,43.409999847412109
2025-08-01,42.075000762939453
2025-08-04,42.724998474121094
2025-08-05,42.049999237060547
2025-08-06,41.965000152587891
2025-08-07,42.470001220703125
2025-08-08,42.505001068115234
2025-08-11,42.334999084472656
2025-08-12,42.634998321533203
2025-08-13,42.400001525878906
2025-08-14,42.625
2025-08-18,42.474998474121094
2025-08-19,42.490001678466797
2025-08-20,41.985000610351562
2025-08-21,42.139999389648438
2025-08-22,42.775001525878906
2025-08-25,42.470001220703125
2025-08-26,42.639999389648438
2025-08-27,42.974998474121094
2025-08-28,42.970001220703125
2025-08-29,42.220001220703125
2025-09-01,42.060001373291016
2025-09-02,41.740001678466797
2025-09-03,41.694999694824219
2025-09-04,42.119998931884766
2025-09-05,42.044998168945312
2025-09-08,42.674999237060547
2025-09-09,42.494998931884766
2025-09-10,43.625
2025-09-11,43.834999084472656
2025-09-12,43.689998626708984
2025-09-15,44.025001525878906
2025-09-16,43.159999847412109
2025-09-17,43.044998168945312
2025-09-18,43.990001678466797
2025-09-19,43.805000305175781
2025-09-22,44.064998626708984
2025-09-23,44.165000915527344
2025-09-24,44.430000305175781
2025-09-25,43.75
2025-09-26,43.919998168945312
2025-09-29,44.180000305175781
2025-09-30,44.409999847412109
2025-10-01,44.799999237060547
2025-10-02,44.979999542236328
2025-10-03,44.950000762939453
2025-10-06,45.389999389648438
2025-10-07,45.115001678466797
2025-10-08,45.575000762939453
2025-10-09,45.764999389648438
2025-10-10,45
2025-10-13,45.415000915527344
2025-10-14,45.090000152587891
2025-10-15,46.125
2025-10-16,45.845001220703125
2025-10-17,45.459999084472656
2025-10-20,46.014999389648438
2025-10-21,46.235000610351562
2025-10-22,45.259998321533203
2025-10-23,45.814998626708984
2025-10-27,47.040000915527344
2025-10-28,46.950000762939453
2025-10-29,47.375
2025-10-30,47.310001373291016
2025-10-31,47.145000457763672
2025-11-03,47.345001220703125
2025-11-04,46.610000610351562
2025-11-05,47.380001068115234
2025-11-06,46.415000915527344
2025-11-07,45.599998474121094
2025-11-10,46.529998779296875
2025-11-11,46.235000610351562
2025-11-12,46.764999389648438
2025-11-13,45.875
2025-11-14,45.834999084472656
2025-11-17,45.645000457763672
2025-11-18,44.610000610351562
2025-11-19,45.095001220703125
2025-11-20,45.090000152587891
2025-11-21,43.729999542236328
2025-11-24,44.529998779296875
2025-11-25,44.194999694824219
2025-11-26,45.159999847412109
2025-11-27,45.194999694824219
2025-11-28,45.634998321533203
2025-12-01,45.139999389648438
2025-12-02,45.174999237060547
2025-12-03,45.125
2025-12-04,45.685001373291016
2025-12-05,45.755001068115234
2025-12-08,46.020000457763672
2025-12-09,45.799999237060547
2025-12-10,45.825000762939453
2025-12-11,45.569999694824219
2025-12-12,45.060001373291016
2025-12-15,45.505001068115234
2025-12-16,45.159999847412109
2025-12-17,44.435001373291016
2025-12-18,44.865001678466797
2025-12-19,45.209999084472656
2025-12-22,45.299999237060547
2025-12-23,45.380001068115234
2025-12-29,45.439998626708984
2025-12-30,45.5
2026-01-02,45.950000762939453
2026-01-05,46.685001373291016
2026-01-06,46.259998321533203
2026-01-07,46.580001831054688
2026-01-08,46
2026-01-09,46.419998168945312
2026-01-12,46.424999237060547
2026-01-13,46.619998931884766
2026-01-14,46.375
2026-01-15,47.215000152587891
2026-01-16,47.665000915527344
2026-01-19,46.950000762939453
2026-01-20,46.595001220703125
2026-01-21,46.840000152587891
2026-01-22,47.055000305175781
2026-01-23,47.005001068115234
2026-01-26,46.799999237060547
2026-01-27,47.334999084472656
2026-01-28,47.505001068115234
2026-01-29,47.884998321533203
2026-01-30,48.110000610351562
2026-02-02,48.575000762939453
2026-02-03,49.255001068115234
2026-02-04,49.174999237060547
2026-02-05,48.784999847412109
2026-02-06,49.770000457763672
2026-02-09,50.470001220703125
2026-02-10,50.650001525878906
2026-02-11,51.439998626708984
2026-02-12,51.159999847412109
2026-02-13,51.240001678466797
2026-02-16,51.220001220703125
2026-02-17,51.290000915527344
2026-02-18,51.360000610351562
2026-02-19,51.319999694824219
2026-02-20,51.599998474121094
2026-02-23,51.099998474121094
2026-02-24,51.669998168945312
2026-02-25,52.139999389648438
2026-02-26,52.139999389648438
2026-02-27,52.029998779296875
2026-03-02,51.819999694824219
2026-03-03,49.814998626708984
2026-03-04,50.459999084472656
2026-03-05,49.944999694824219
2026-03-09,48.884998321533203
2026-03-10,50.5
2026-03-11,50.220001220703125
2026-03-12,50.150001525878906
2026-03-13,49.794998168945312
2026-03-16,50.020000457763672
2026-03-17,50.130001068115234
2026-03-18,50.259998321533203
2026-03-19,49.189998626708984
2026-03-20,48.5
2026-03-23,48.845001220703125
2026-03-24,49.215000152587891
2026-03-25,50.290000915527344
2026-03-26,48.970001220703125
2026-03-27,48.029998779296875
2026-03-30,47.869998931884766
2026-03-31,47.880001068115234
2026-04-01,49.615001678466797
2026-04-02,49.465000152587891
2026-04-07,48.889999389648438
2026-04-08,51.330001831054688
2026-04-09,51.709999084472656
2026-04-10,52.459999084472656
2026-04-13,52.299999237060547
2026-04-14,53.080001831054688
2026-04-15,52.590000152587891
2026-04-16,52.790000915527344
2026-04-17,53.889999389648438
2026-04-20,53.689998626708984
2026-04-21,53.729999542236328
2026-04-22,54.479999542236328
2026-04-23,55.150001525878906
2026-04-24,55.290000915527344
2026-04-27,55.200000762939453
2026-04-28,54.580001831054688
2026-04-29,54.860000610351562
2026-04-30,56.150001525878906
2026-05-04,56.479999542236328
2026-05-05,57.069999694824219
2026-05-06,58.400001525878906
2026-05-07,57.619998931884766
2026-05-08,58.189998626708984
2026-05-11,58.729999542236328
2026-05-12,57.25
2026-05-13,58.560001373291016
2026-05-14,58.650001525878906
2026-05-15,57.470001220703125
2026-05-18,56.479999542236328
2026-05-19,55.189998626708984
2026-05-20,56.220001220703125
2026-05-21,56.610000610351562
2026-05-22,57.830001831054688
2026-05-25,59.040000915527344
2026-05-26,58.900001525878906
2026-05-27,58.009998321533203
2026-05-28,57.909999847412109
2026-05-29,57.540000915527344
2026-06-01,57.650001525878906
2026-06-02,58.919998168945312
2026-06-03,59.419998168945312
2026-06-04,58.700000762939453
2026-06-05,57.310001373291016
2026-06-08,57.150001525878906
2026-06-09,55.889999389648438
2026-06-10,55.009998321533203
2026-06-11,55.619998931884766
2026-06-12,56.75
2026-06-15,57.729999542236328
2026-06-16,57.950000762939453
2026-06-17,58.25
2026-06-18,58.979999542236328
2026-06-19,59.119998931884766
2026-06-22,59.630001068115234
2026-06-23,57.860000610351562
2026-06-24,57.869998931884766
2026-06-25,57.919998168945312
2026-06-26,56.900001525878906
2026-06-29,56.939998626708984
2026-06-30,58.349998474121094
2026-07-01,57.990001678466797
2026-07-02,56.490001678466797
2026-07-03,56.990001678466797
2026-07-06,57.229999542236328
2026-07-07,55.060001373291016
2026-07-08,54.770000457763672
2026-07-09,56.080001831054688
2026-07-10,56.180000305175781
2026-07-13,55.619998931884766
2026-07-14,56.139999389648438
2026-07-15,55.319999694824219
2026-07-16,54.029998779296875
2026-07-17,53.900001525878906
2026-07-20,53.979999542236328
2026-07-21,54.759998321533203
2026-07-22,54.900001525878906
2026-07-23,54.549999237060547
2026-07-24,54.459999084472656
2026-07-27,53.119998931884766
2026-07-28,52.299999237060547
2026-07-29,50.869998931884766
2026-07-30,52.580001831054688
2026-07-31,53.709999084472656
2026-08-03,54.520000457763672
2026-08-04,55.959999084472656
2026-08-05,56.369998931884766
2026-08-06,56.270000457763672
2026-08-07,56.360000610351562
2026-08-10,56.029998779296875
2026-08-11,56.459999084472656
2026-08-12,57.209999084472656
2026-08-13,56.779998779296875
2026-08-14,56.529998779296875
2026-08-17,57
2026-08-18,55.319999694824219
2026-08-19,54.509998321533203
2026-08-20,54.209999084472656
2026-08-21,54.040000915527344
2026-08-24,53.060001373291016
2026-08-25,53.639999389648438
2026-08-26,53.869998931884766
2026-08-27,54.270000457763672
2026-08-28,54.069999694824219
2026-08-31,53.360000610351562
2026-09-01,52.639999389648438
2026-09-02,52.689998626708984
2026-09-03,53.169998168945312
2026-09-04,53.720001220703125
2026-09-07,54.180000305175781
