series_id,observation_date,period_end,available_at,value,unit,source_url,retrieved_at,source_hash,vintage_status,quality_flags
DAMODARAN_ERP_T12M,2008-09-01,2008-09-01,2008-09-02T23:59:59+00:00,0.0422,ratio,https://pages.stern.nyu.edu/~adamodar/pc/implprem/ERPbymonth.xlsx,2026-09-08T21:34:49.959114+00:00,762bee964f6f77e893dd6bbdce05521bee97fbfe4f93875cb378eef0537e8ea2,CURRENT_VINTAGE_RESEARCH,
DAMODARAN_ERP_T12M,2008-10-01,2008-10-01,2008-10-01T23:59:59+00:00,0.0451,ratio,https://pages.stern.nyu.edu/~adamodar/pc/implprem/ERPbymonth.xlsx,2026-09-08T21:34:49.959114+00:00,762bee964f6f77e893dd6bbdce05521bee97fbfe4f93875cb378eef0537e8ea2,CURRENT_VINTAGE_RESEARCH,
DAMODARAN_ERP_T12M,2008-11-01,2008-11-01,2008-11-03T23:59:59+00:00,0.059,ratio,https://pages.stern.nyu.edu/~adamodar/pc/implprem/ERPbymonth.xlsx,2026-09-08T21:34:49.959114+00:00,762bee964f6f77e893dd6bbdce05521bee97fbfe4f93875cb378eef0537e8ea2,CURRENT_VINTAGE_RESEARCH,
DAMODARAN_ERP_T12M,2008-12-01,2008-12-01,2008-12-01T23:59:59+00:00,0.066,ratio,https://pages.stern.nyu.edu/~adamodar/pc/implprem/ERPbymonth.xlsx,2026-09-08T21:34:49.959114+00:00,762bee964f6f77e893dd6bbdce05521bee97fbfe4f93875cb378eef0537e8ea2,CURRENT_VINTAGE_RESEARCH,
DAMODARAN_ERP_T12M,2009-01-01,2009-01-01,2009-01-02T23:59:59+00:00,0.0643,ratio,https://pages.stern.nyu.edu/~adamodar/pc/implprem/ERPbymonth.xlsx,2026-09-08T21:34:49.959114+00:00,762bee964f6f77e893dd6bbdce05521bee97fbfe4f93875cb378eef0537e8ea2,CURRENT_VINTAGE_RESEARCH,
DAMODARAN_ERP_T12M,2009-02-01,2009-02-01,2009-02-02T23:59:59+00:00,0.0687,ratio,https://pages.stern.nyu.edu/~adamodar/pc/implprem/ERPbymonth.xlsx,2026-09-08T21:34:49.959114+00:00,762bee964f6f77e893dd6bbdce05521bee97fbfe4f93875cb378eef0537e8ea2,CURRENT_VINTAGE_RESEARCH,
DAMODARAN_ERP_T12M,2009-03-01,2009-03-01,2009-03-02T23:59:59+00:00,0.0768,ratio,https://pages.stern.nyu.edu/~adamodar/pc/implprem/ERPbymonth.xlsx,2026-09-08T21:34:49.959114+00:00,762bee964f6f77e893dd6bbdce05521bee97fbfe4f93875cb378eef0537e8ea2,CURRENT_VINTAGE_RESEARCH,
DAMODARAN_ERP_T12M,2009-04-01,2009-04-01,2009-04-01T23:59:59+00:00,0.0701,ratio,https://pages.stern.nyu.edu/~adamodar/pc/implprem/ERPbymonth.xlsx,2026-09-08T21:34:49.959114+00:00,762bee964f6f77e893dd6bbdce05521bee97fbfe4f93875cb378eef0537e8ea2,CURRENT_VINTAGE_RESEARCH,
DAMODARAN_ERP_T12M,2009-05-01,2009-05-01,2009-05-01T23:59:59+00:00,0.0632,ratio,https://pages.stern.nyu.edu/~adamodar/pc/implprem/ERPbymonth.xlsx,2026-09-08T21:34:49.959114+00:00,762bee964f6f77e893dd6bbdce05521bee97fbfe4f93875cb378eef0537e8ea2,CURRENT_VINTAGE_RESEARCH,
DAMODARAN_ERP_T12M,2009-06-01,2009-06-01,2009-06-01T23:59:59+00:00,0.0594,ratio,https://pages.stern.nyu.edu/~adamodar/pc/implprem/ERPbymonth.xlsx,2026-09-08T21:34:49.959114+00:00,762bee964f6f77e893dd6bbdce05521bee97fbfe4f93875cb378eef0537e8ea2,CURRENT_VINTAGE_RESEARCH,
DAMODARAN_ERP_T12M,2009-07-01,2009-07-01,2009-07-01T23:59:59+00:00,0.0586,ratio,https://pages.stern.nyu.edu/~adamodar/pc/implprem/ERPbymonth.xlsx,2026-09-08T21:34:49.959114+00:00,762bee964f6f77e893dd6bbdce05521bee97fbfe4f93875cb378eef0537e8ea2,CURRENT_VINTAGE_RESEARCH,
DAMODARAN_ERP_T12M,2009-08-01,2009-08-01,2009-08-03T23:59:59+00:00,0.0546,ratio,https://pages.stern.nyu.edu/~adamodar/pc/implprem/ERPbymonth.xlsx,2026-09-08T21:34:49.959114+00:00,762bee964f6f77e893dd6bbdce05521bee97fbfe4f93875cb378eef0537e8ea2,CURRENT_VINTAGE_RESEARCH,
DAMODARAN_ERP_T12M,2009-09-01,2009-09-01,2009-09-01T23:59:59+00:00,0.053,ratio,https://pages.stern.nyu.edu/~adamodar/pc/implprem/ERPbymonth.xlsx,2026-09-08T21:34:49.959114+00:00,762bee964f6f77e893dd6bbdce05521bee97fbfe4f93875cb378eef0537e8ea2,CURRENT_VINTAGE_RESEARCH,
DAMODARAN_ERP_T12M,2009-10-01,2009-10-01,2009-10-01T23:59:59+00:00,0.0486,ratio,https://pages.stern.nyu.edu/~adamodar/pc/implprem/ERPbymonth.xlsx,2026-09-08T21:34:49.959114+00:00,762bee964f6f77e893dd6bbdce05521bee97fbfe4f93875cb378eef0537e8ea2,CURRENT_VINTAGE_RESEARCH,
DAMODARAN_ERP_T12M,2009-11-01,2009-11-01,2009-11-02T23:59:59+00:00,0.0497,ratio,https://pages.stern.nyu.edu/~adamodar/pc/implprem/ERPbymonth.xlsx,2026-09-08T21:34:49.959114+00:00,762bee964f6f77e893dd6bbdce05521bee97fbfe4f93875cb378eef0537e8ea2,CURRENT_VINTAGE_RESEARCH,
DAMODARAN_ERP_T12M,2009-12-01,2009-12-01,2009-12-01T23:59:59+00:00,0.0473,ratio,https://pages.stern.nyu.edu/~adamodar/pc/implprem/ERPbymonth.xlsx,2026-09-08T21:34:49.959114+00:00,762bee964f6f77e893dd6bbdce05521bee97fbfe4f93875cb378eef0537e8ea2,CURRENT_VINTAGE_RESEARCH,
DAMODARAN_ERP_T12M,2010-01-01,2010-01-01,2010-01-04T23:59:59+00:00,0.0436,ratio,https://pages.stern.nyu.edu/~adamodar/pc/implprem/ERPbymonth.xlsx,2026-09-08T21:34:49.959114+00:00,762bee964f6f77e893dd6bbdce05521bee97fbfe4f93875cb378eef0537e8ea2,CURRENT_VINTAGE_RESEARCH,
DAMODARAN_ERP_T12M,2010-02-01,2010-02-01,2010-02-01T23:59:59+00:00,0.0456,ratio,https://pages.stern.nyu.edu/~adamodar/pc/implprem/ERPbymonth.xlsx,2026-09-08T21:34:49.959114+00:00,762bee964f6f77e893dd6bbdce05521bee97fbfe4f93875cb378eef0537e8ea2,CURRENT_VINTAGE_RESEARCH,
DAMODARAN_ERP_T12M,2010-03-01,2010-03-01,2010-03-01T23:59:59+00:00,0.0444,ratio,https://pages.stern.nyu.edu/~adamodar/pc/implprem/ERPbymonth.xlsx,2026-09-08T21:34:49.959114+00:00,762bee964f6f77e893dd6bbdce05521bee97fbfe4f93875cb378eef0537e8ea2,CURRENT_VINTAGE_RESEARCH,
DAMODARAN_ERP_T12M,2010-04-01,2010-04-01,2010-04-01T23:59:59+00:00,0.0416,ratio,https://pages.stern.nyu.edu/~adamodar/pc/implprem/ERPbymonth.xlsx,2026-09-08T21:34:49.959114+00:00,762bee964f6f77e893dd6bbdce05521bee97fbfe4f93875cb378eef0537e8ea2,CURRENT_VINTAGE_RESEARCH,
DAMODARAN_ERP_T12M,2010-05-01,2010-05-01,2010-05-03T23:59:59+00:00,0.0454,ratio,https://pages.stern.nyu.edu/~adamodar/pc/implprem/ERPbymonth.xlsx,2026-09-08T21:34:49.959114+00:00,762bee964f6f77e893dd6bbdce05521bee97fbfe4f93875cb378eef0537e8ea2,CURRENT_VINTAGE_RESEARCH,
DAMODARAN_ERP_T12M,2010-06-01,2010-06-01,2010-06-01T23:59:59+00:00,0.0479,ratio,https://pages.stern.nyu.edu/~adamodar/pc/implprem/ERPbymonth.xlsx,2026-09-08T21:34:49.959114+00:00,762bee964f6f77e893dd6bbdce05521bee97fbfe4f93875cb378eef0537e8ea2,CURRENT_VINTAGE_RESEARCH,
DAMODARAN_ERP_T12M,2010-07-01,2010-07-01,2010-07-01T23:59:59+00:00,0.051,ratio,https://pages.stern.nyu.edu/~adamodar/pc/implprem/ERPbymonth.xlsx,2026-09-08T21:34:49.959114+00:00,762bee964f6f77e893dd6bbdce05521bee97fbfe4f93875cb378eef0537e8ea2,CURRENT_VINTAGE_RESEARCH,
DAMODARAN_ERP_T12M,2010-08-01,2010-08-01,2010-08-02T23:59:59+00:00,0.0478,ratio,https://pages.stern.nyu.edu/~adamodar/pc/implprem/ERPbymonth.xlsx,2026-09-08T21:34:49.959114+00:00,762bee964f6f77e893dd6bbdce05521bee97fbfe4f93875cb378eef0537e8ea2,CURRENT_VINTAGE_RESEARCH,
DAMODARAN_ERP_T12M,2010-09-01,2010-09-01,2010-09-01T23:59:59+00:00,0.051,ratio,https://pages.stern.nyu.edu/~adamodar/pc/implprem/ERPbymonth.xlsx,2026-09-08T21:34:49.959114+00:00,762bee964f6f77e893dd6bbdce05521bee97fbfe4f93875cb378eef0537e8ea2,CURRENT_VINTAGE_RESEARCH,
DAMODARAN_ERP_T12M,2010-10-01,2010-10-01,2010-10-01T23:59:59+00:00,0.0531,ratio,https://pages.stern.nyu.edu/~adamodar/pc/implprem/ERPbymonth.xlsx,2026-09-08T21:34:49.959114+00:00,762bee964f6f77e893dd6bbdce05521bee97fbfe4f93875cb378eef0537e8ea2,CURRENT_VINTAGE_RESEARCH,
DAMODARAN_ERP_T12M,2010-11-01,2010-11-01,2010-11-01T23:59:59+00:00,0.0511,ratio,https://pages.stern.nyu.edu/~adamodar/pc/implprem/ERPbymonth.xlsx,2026-09-08T21:34:49.959114+00:00,762bee964f6f77e893dd6bbdce05521bee97fbfe4f93875cb378eef0537e8ea2,CURRENT_VINTAGE_RESEARCH,
DAMODARAN_ERP_T12M,2010-12-01,2010-12-01,2010-12-01T23:59:59+00:00,0.0508,ratio,https://pages.stern.nyu.edu/~adamodar/pc/implprem/ERPbymonth.xlsx,2026-09-08T21:34:49.959114+00:00,762bee964f6f77e893dd6bbdce05521bee97fbfe4f93875cb378eef0537e8ea2,CURRENT_VINTAGE_RESEARCH,
DAMODARAN_ERP_T12M,2011-01-01,2011-01-01,2011-01-03T23:59:59+00:00,0.052,ratio,https://pages.stern.nyu.edu/~adamodar/pc/implprem/ERPbymonth.xlsx,2026-09-08T21:34:49.959114+00:00,762bee964f6f77e893dd6bbdce05521bee97fbfe4f93875cb378eef0537e8ea2,CURRENT_VINTAGE_RESEARCH,
DAMODARAN_ERP_T12M,2011-02-01,2011-02-01,2011-02-01T23:59:59+00:00,0.0507,ratio,https://pages.stern.nyu.edu/~adamodar/pc/implprem/ERPbymonth.xlsx,2026-09-08T21:34:49.959114+00:00,762bee964f6f77e893dd6bbdce05521bee97fbfe4f93875cb378eef0537e8ea2,CURRENT_VINTAGE_RESEARCH,
DAMODARAN_ERP_T12M,2011-03-01,2011-03-01,2011-03-01T23:59:59+00:00,0.049,ratio,https://pages.stern.nyu.edu/~adamodar/pc/implprem/ERPbymonth.xlsx,2026-09-08T21:34:49.959114+00:00,762bee964f6f77e893dd6bbdce05521bee97fbfe4f93875cb378eef0537e8ea2,CURRENT_VINTAGE_RESEARCH,
DAMODARAN_ERP_T12M,2011-04-01,2011-04-01,2011-04-01T23:59:59+00:00,0.053099999999999994,ratio,https://pages.stern.nyu.edu/~adamodar/pc/implprem/ERPbymonth.xlsx,2026-09-08T21:34:49.959114+00:00,762bee964f6f77e893dd6bbdce05521bee97fbfe4f93875cb378eef0537e8ea2,CURRENT_VINTAGE_RESEARCH,
DAMODARAN_ERP_T12M,2011-05-01,2011-05-01,2011-05-02T23:59:59+00:00,0.0516,ratio,https://pages.stern.nyu.edu/~adamodar/pc/implprem/ERPbymonth.xlsx,2026-09-08T21:34:49.959114+00:00,762bee964f6f77e893dd6bbdce05521bee97fbfe4f93875cb378eef0537e8ea2,CURRENT_VINTAGE_RESEARCH,
DAMODARAN_ERP_T12M,2011-06-01,2011-06-01,2011-06-01T23:59:59+00:00,0.0527,ratio,https://pages.stern.nyu.edu/~adamodar/pc/implprem/ERPbymonth.xlsx,2026-09-08T21:34:49.959114+00:00,762bee964f6f77e893dd6bbdce05521bee97fbfe4f93875cb378eef0537e8ea2,CURRENT_VINTAGE_RESEARCH,
DAMODARAN_ERP_T12M,2011-07-01,2011-07-01,2011-07-01T23:59:59+00:00,0.0572,ratio,https://pages.stern.nyu.edu/~adamodar/pc/implprem/ERPbymonth.xlsx,2026-09-08T21:34:49.959114+00:00,762bee964f6f77e893dd6bbdce05521bee97fbfe4f93875cb378eef0537e8ea2,CURRENT_VINTAGE_RESEARCH,
DAMODARAN_ERP_T12M,2011-08-01,2011-08-01,2011-08-01T23:59:59+00:00,0.0592,ratio,https://pages.stern.nyu.edu/~adamodar/pc/implprem/ERPbymonth.xlsx,2026-09-08T21:34:49.959114+00:00,762bee964f6f77e893dd6bbdce05521bee97fbfe4f93875cb378eef0537e8ea2,CURRENT_VINTAGE_RESEARCH,
DAMODARAN_ERP_T12M,2011-09-01,2011-09-01,2011-09-01T23:59:59+00:00,0.0639,ratio,https://pages.stern.nyu.edu/~adamodar/pc/implprem/ERPbymonth.xlsx,2026-09-08T21:34:49.959114+00:00,762bee964f6f77e893dd6bbdce05521bee97fbfe4f93875cb378eef0537e8ea2,CURRENT_VINTAGE_RESEARCH,
DAMODARAN_ERP_T12M,2011-10-01,2011-10-01,2011-10-03T23:59:59+00:00,0.0764,ratio,https://pages.stern.nyu.edu/~adamodar/pc/implprem/ERPbymonth.xlsx,2026-09-08T21:34:49.959114+00:00,762bee964f6f77e893dd6bbdce05521bee97fbfe4f93875cb378eef0537e8ea2,CURRENT_VINTAGE_RESEARCH,
DAMODARAN_ERP_T12M,2011-11-01,2011-11-01,2011-11-01T23:59:59+00:00,0.0649,ratio,https://pages.stern.nyu.edu/~adamodar/pc/implprem/ERPbymonth.xlsx,2026-09-08T21:34:49.959114+00:00,762bee964f6f77e893dd6bbdce05521bee97fbfe4f93875cb378eef0537e8ea2,CURRENT_VINTAGE_RESEARCH,
DAMODARAN_ERP_T12M,2011-12-01,2011-12-01,2011-12-01T23:59:59+00:00,0.0651,ratio,https://pages.stern.nyu.edu/~adamodar/pc/implprem/ERPbymonth.xlsx,2026-09-08T21:34:49.959114+00:00,762bee964f6f77e893dd6bbdce05521bee97fbfe4f93875cb378eef0537e8ea2,CURRENT_VINTAGE_RESEARCH,
DAMODARAN_ERP_T12M,2012-01-01,2012-01-01,2012-01-03T23:59:59+00:00,0.0732,ratio,https://pages.stern.nyu.edu/~adamodar/pc/implprem/ERPbymonth.xlsx,2026-09-08T21:34:49.959114+00:00,762bee964f6f77e893dd6bbdce05521bee97fbfe4f93875cb378eef0537e8ea2,CURRENT_VINTAGE_RESEARCH,
DAMODARAN_ERP_T12M,2012-02-01,2012-02-01,2012-02-01T23:59:59+00:00,0.0704,ratio,https://pages.stern.nyu.edu/~adamodar/pc/implprem/ERPbymonth.xlsx,2026-09-08T21:34:49.959114+00:00,762bee964f6f77e893dd6bbdce05521bee97fbfe4f93875cb378eef0537e8ea2,CURRENT_VINTAGE_RESEARCH,
DAMODARAN_ERP_T12M,2012-03-01,2012-03-01,2012-03-01T23:59:59+00:00,0.0673,ratio,https://pages.stern.nyu.edu/~adamodar/pc/implprem/ERPbymonth.xlsx,2026-09-08T21:34:49.959114+00:00,762bee964f6f77e893dd6bbdce05521bee97fbfe4f93875cb378eef0537e8ea2,CURRENT_VINTAGE_RESEARCH,
DAMODARAN_ERP_T12M,2012-04-01,2012-04-01,2012-04-02T23:59:59+00:00,0.0664,ratio,https://pages.stern.nyu.edu/~adamodar/pc/implprem/ERPbymonth.xlsx,2026-09-08T21:34:49.959114+00:00,762bee964f6f77e893dd6bbdce05521bee97fbfe4f93875cb378eef0537e8ea2,CURRENT_VINTAGE_RESEARCH,
DAMODARAN_ERP_T12M,2012-05-01,2012-05-01,2012-05-01T23:59:59+00:00,0.0676,ratio,https://pages.stern.nyu.edu/~adamodar/pc/implprem/ERPbymonth.xlsx,2026-09-08T21:34:49.959114+00:00,762bee964f6f77e893dd6bbdce05521bee97fbfe4f93875cb378eef0537e8ea2,CURRENT_VINTAGE_RESEARCH,
DAMODARAN_ERP_T12M,2012-06-01,2012-06-01,2012-06-01T23:59:59+00:00,0.0728,ratio,https://pages.stern.nyu.edu/~adamodar/pc/implprem/ERPbymonth.xlsx,2026-09-08T21:34:49.959114+00:00,762bee964f6f77e893dd6bbdce05521bee97fbfe4f93875cb378eef0537e8ea2,CURRENT_VINTAGE_RESEARCH,
DAMODARAN_ERP_T12M,2012-07-01,2012-07-01,2012-07-02T23:59:59+00:00,0.0659,ratio,https://pages.stern.nyu.edu/~adamodar/pc/implprem/ERPbymonth.xlsx,2026-09-08T21:34:49.959114+00:00,762bee964f6f77e893dd6bbdce05521bee97fbfe4f93875cb378eef0537e8ea2,CURRENT_VINTAGE_RESEARCH,
DAMODARAN_ERP_T12M,2012-08-01,2012-08-01,2012-08-01T23:59:59+00:00,0.0655,ratio,https://pages.stern.nyu.edu/~adamodar/pc/implprem/ERPbymonth.xlsx,2026-09-08T21:34:49.959114+00:00,762bee964f6f77e893dd6bbdce05521bee97fbfe4f93875cb378eef0537e8ea2,CURRENT_VINTAGE_RESEARCH,
DAMODARAN_ERP_T12M,2012-09-01,2012-09-01,2012-09-04T23:59:59+00:00,0.0641,ratio,https://pages.stern.nyu.edu/~adamodar/pc/implprem/ERPbymonth.xlsx,2026-09-08T21:34:49.959114+00:00,762bee964f6f77e893dd6bbdce05521bee97fbfe4f93875cb378eef0537e8ea2,CURRENT_VINTAGE_RESEARCH,
DAMODARAN_ERP_T12M,2012-10-01,2012-10-01,2012-10-01T23:59:59+00:00,0.0635,ratio,https://pages.stern.nyu.edu/~adamodar/pc/implprem/ERPbymonth.xlsx,2026-09-08T21:34:49.959114+00:00,762bee964f6f77e893dd6bbdce05521bee97fbfe4f93875cb378eef0537e8ea2,CURRENT_VINTAGE_RESEARCH,
DAMODARAN_ERP_T12M,2012-11-01,2012-11-01,2012-11-01T23:59:59+00:00,0.0644,ratio,https://pages.stern.nyu.edu/~adamodar/pc/implprem/ERPbymonth.xlsx,2026-09-08T21:34:49.959114+00:00,762bee964f6f77e893dd6bbdce05521bee97fbfe4f93875cb378eef0537e8ea2,CURRENT_VINTAGE_RESEARCH,
DAMODARAN_ERP_T12M,2012-12-01,2012-12-01,2012-12-03T23:59:59+00:00,0.0645,ratio,https://pages.stern.nyu.edu/~adamodar/pc/implprem/ERPbymonth.xlsx,2026-09-08T21:34:49.959114+00:00,762bee964f6f77e893dd6bbdce05521bee97fbfe4f93875cb378eef0537e8ea2,CURRENT_VINTAGE_RESEARCH,
DAMODARAN_ERP_T12M,2013-01-01,2013-01-01,2013-01-02T23:59:59+00:00,0.06,ratio,https://pages.stern.nyu.edu/~adamodar/pc/implprem/ERPbymonth.xlsx,2026-09-08T21:34:49.959114+00:00,762bee964f6f77e893dd6bbdce05521bee97fbfe4f93875cb378eef0537e8ea2,CURRENT_VINTAGE_RESEARCH,
DAMODARAN_ERP_T12M,2013-02-01,2013-02-01,2013-02-01T23:59:59+00:00,0.0567,ratio,https://pages.stern.nyu.edu/~adamodar/pc/implprem/ERPbymonth.xlsx,2026-09-08T21:34:49.959114+00:00,762bee964f6f77e893dd6bbdce05521bee97fbfe4f93875cb378eef0537e8ea2,CURRENT_VINTAGE_RESEARCH,
DAMODARAN_ERP_T12M,2013-03-01,2013-03-01,2013-03-01T23:59:59+00:00,0.0565,ratio,https://pages.stern.nyu.edu/~adamodar/pc/implprem/ERPbymonth.xlsx,2026-09-08T21:34:49.959114+00:00,762bee964f6f77e893dd6bbdce05521bee97fbfe4f93875cb378eef0537e8ea2,CURRENT_VINTAGE_RESEARCH,
DAMODARAN_ERP_T12M,2013-04-01,2013-04-01,2013-04-01T23:59:59+00:00,0.0568,ratio,https://pages.stern.nyu.edu/~adamodar/pc/implprem/ERPbymonth.xlsx,2026-09-08T21:34:49.959114+00:00,762bee964f6f77e893dd6bbdce05521bee97fbfe4f93875cb378eef0537e8ea2,CURRENT_VINTAGE_RESEARCH,
DAMODARAN_ERP_T12M,2013-05-01,2013-05-01,2013-05-01T23:59:59+00:00,0.056,ratio,https://pages.stern.nyu.edu/~adamodar/pc/implprem/ERPbymonth.xlsx,2026-09-08T21:34:49.959114+00:00,762bee964f6f77e893dd6bbdce05521bee97fbfe4f93875cb378eef0537e8ea2,CURRENT_VINTAGE_RESEARCH,
DAMODARAN_ERP_T12M,2013-06-01,2013-06-01,2013-06-03T23:59:59+00:00,0.0545,ratio,https://pages.stern.nyu.edu/~adamodar/pc/implprem/ERPbymonth.xlsx,2026-09-08T21:34:49.959114+00:00,762bee964f6f77e893dd6bbdce05521bee97fbfe4f93875cb378eef0537e8ea2,CURRENT_VINTAGE_RESEARCH,
DAMODARAN_ERP_T12M,2013-07-01,2013-07-01,2013-07-01T23:59:59+00:00,0.057300000000000004,ratio,https://pages.stern.nyu.edu/~adamodar/pc/implprem/ERPbymonth.xlsx,2026-09-08T21:34:49.959114+00:00,762bee964f6f77e893dd6bbdce05521bee97fbfe4f93875cb378eef0537e8ea2,CURRENT_VINTAGE_RESEARCH,
DAMODARAN_ERP_T12M,2013-08-01,2013-08-01,2013-08-01T23:59:59+00:00,0.0546,ratio,https://pages.stern.nyu.edu/~adamodar/pc/implprem/ERPbymonth.xlsx,2026-09-08T21:34:49.959114+00:00,762bee964f6f77e893dd6bbdce05521bee97fbfe4f93875cb378eef0537e8ea2,CURRENT_VINTAGE_RESEARCH,
DAMODARAN_ERP_T12M,2013-09-01,2013-09-01,2013-09-03T23:59:59+00:00,0.0562,ratio,https://pages.stern.nyu.edu/~adamodar/pc/implprem/ERPbymonth.xlsx,2026-09-08T21:34:49.959114+00:00,762bee964f6f77e893dd6bbdce05521bee97fbfe4f93875cb378eef0537e8ea2,CURRENT_VINTAGE_RESEARCH,
DAMODARAN_ERP_T12M,2013-10-01,2013-10-01,2013-10-01T23:59:59+00:00,0.0559,ratio,https://pages.stern.nyu.edu/~adamodar/pc/implprem/ERPbymonth.xlsx,2026-09-08T21:34:49.959114+00:00,762bee964f6f77e893dd6bbdce05521bee97fbfe4f93875cb378eef0537e8ea2,CURRENT_VINTAGE_RESEARCH,
DAMODARAN_ERP_T12M,2013-11-01,2013-11-01,2013-11-01T23:59:59+00:00,0.0536,ratio,https://pages.stern.nyu.edu/~adamodar/pc/implprem/ERPbymonth.xlsx,2026-09-08T21:34:49.959114+00:00,762bee964f6f77e893dd6bbdce05521bee97fbfe4f93875cb378eef0537e8ea2,CURRENT_VINTAGE_RESEARCH,
DAMODARAN_ERP_T12M,2013-12-01,2013-12-01,2013-12-02T23:59:59+00:00,0.0519,ratio,https://pages.stern.nyu.edu/~adamodar/pc/implprem/ERPbymonth.xlsx,2026-09-08T21:34:49.959114+00:00,762bee964f6f77e893dd6bbdce05521bee97fbfe4f93875cb378eef0537e8ea2,CURRENT_VINTAGE_RESEARCH,
DAMODARAN_ERP_T12M,2014-01-01,2014-01-01,2014-01-02T23:59:59+00:00,0.0496,ratio,https://pages.stern.nyu.edu/~adamodar/pc/implprem/ERPbymonth.xlsx,2026-09-08T21:34:49.959114+00:00,762bee964f6f77e893dd6bbdce05521bee97fbfe4f93875cb378eef0537e8ea2,CURRENT_VINTAGE_RESEARCH,
DAMODARAN_ERP_T12M,2014-02-01,2014-02-01,2014-02-03T23:59:59+00:00,0.051699999999999996,ratio,https://pages.stern.nyu.edu/~adamodar/pc/implprem/ERPbymonth.xlsx,2026-09-08T21:34:49.959114+00:00,762bee964f6f77e893dd6bbdce05521bee97fbfe4f93875cb378eef0537e8ea2,CURRENT_VINTAGE_RESEARCH,
DAMODARAN_ERP_T12M,2014-03-01,2014-03-01,2014-03-03T23:59:59+00:00,0.0496,ratio,https://pages.stern.nyu.edu/~adamodar/pc/implprem/ERPbymonth.xlsx,2026-09-08T21:34:49.959114+00:00,762bee964f6f77e893dd6bbdce05521bee97fbfe4f93875cb378eef0537e8ea2,CURRENT_VINTAGE_RESEARCH,
DAMODARAN_ERP_T12M,2014-04-01,2014-04-01,2014-04-01T23:59:59+00:00,0.0515,ratio,https://pages.stern.nyu.edu/~adamodar/pc/implprem/ERPbymonth.xlsx,2026-09-08T21:34:49.959114+00:00,762bee964f6f77e893dd6bbdce05521bee97fbfe4f93875cb378eef0537e8ea2,CURRENT_VINTAGE_RESEARCH,
DAMODARAN_ERP_T12M,2014-05-01,2014-05-01,2014-05-01T23:59:59+00:00,0.0512,ratio,https://pages.stern.nyu.edu/~adamodar/pc/implprem/ERPbymonth.xlsx,2026-09-08T21:34:49.959114+00:00,762bee964f6f77e893dd6bbdce05521bee97fbfe4f93875cb378eef0537e8ea2,CURRENT_VINTAGE_RESEARCH,
DAMODARAN_ERP_T12M,2014-06-01,2014-06-01,2014-06-02T23:59:59+00:00,0.0503,ratio,https://pages.stern.nyu.edu/~adamodar/pc/implprem/ERPbymonth.xlsx,2026-09-08T21:34:49.959114+00:00,762bee964f6f77e893dd6bbdce05521bee97fbfe4f93875cb378eef0537e8ea2,CURRENT_VINTAGE_RESEARCH,
DAMODARAN_ERP_T12M,2014-07-01,2014-07-01,2014-07-01T23:59:59+00:00,0.0538,ratio,https://pages.stern.nyu.edu/~adamodar/pc/implprem/ERPbymonth.xlsx,2026-09-08T21:34:49.959114+00:00,762bee964f6f77e893dd6bbdce05521bee97fbfe4f93875cb378eef0537e8ea2,CURRENT_VINTAGE_RESEARCH,
DAMODARAN_ERP_T12M,2014-08-01,2014-08-01,2014-08-01T23:59:59+00:00,0.0545,ratio,https://pages.stern.nyu.edu/~adamodar/pc/implprem/ERPbymonth.xlsx,2026-09-08T21:34:49.959114+00:00,762bee964f6f77e893dd6bbdce05521bee97fbfe4f93875cb378eef0537e8ea2,CURRENT_VINTAGE_RESEARCH,
DAMODARAN_ERP_T12M,2014-09-01,2014-09-01,2014-09-02T23:59:59+00:00,0.0528,ratio,https://pages.stern.nyu.edu/~adamodar/pc/implprem/ERPbymonth.xlsx,2026-09-08T21:34:49.959114+00:00,762bee964f6f77e893dd6bbdce05521bee97fbfe4f93875cb378eef0537e8ea2,CURRENT_VINTAGE_RESEARCH,
DAMODARAN_ERP_T12M,2014-10-01,2014-10-01,2014-10-01T23:59:59+00:00,0.0543,ratio,https://pages.stern.nyu.edu/~adamodar/pc/implprem/ERPbymonth.xlsx,2026-09-08T21:34:49.959114+00:00,762bee964f6f77e893dd6bbdce05521bee97fbfe4f93875cb378eef0537e8ea2,CURRENT_VINTAGE_RESEARCH,
DAMODARAN_ERP_T12M,2014-11-01,2014-11-01,2014-11-03T23:59:59+00:00,0.0532,ratio,https://pages.stern.nyu.edu/~adamodar/pc/implprem/ERPbymonth.xlsx,2026-09-08T21:34:49.959114+00:00,762bee964f6f77e893dd6bbdce05521bee97fbfe4f93875cb378eef0537e8ea2,CURRENT_VINTAGE_RESEARCH,
DAMODARAN_ERP_T12M,2014-12-01,2014-12-01,2014-12-01T23:59:59+00:00,0.0521,ratio,https://pages.stern.nyu.edu/~adamodar/pc/implprem/ERPbymonth.xlsx,2026-09-08T21:34:49.959114+00:00,762bee964f6f77e893dd6bbdce05521bee97fbfe4f93875cb378eef0537e8ea2,CURRENT_VINTAGE_RESEARCH,
DAMODARAN_ERP_T12M,2015-01-01,2015-01-01,2015-01-02T23:59:59+00:00,0.057800000000000004,ratio,https://pages.stern.nyu.edu/~adamodar/pc/implprem/ERPbymonth.xlsx,2026-09-08T21:34:49.959114+00:00,762bee964f6f77e893dd6bbdce05521bee97fbfe4f93875cb378eef0537e8ea2,CURRENT_VINTAGE_RESEARCH,
DAMODARAN_ERP_T12M,2015-02-01,2015-02-01,2015-02-02T23:59:59+00:00,0.0601,ratio,https://pages.stern.nyu.edu/~adamodar/pc/implprem/ERPbymonth.xlsx,2026-09-08T21:34:49.959114+00:00,762bee964f6f77e893dd6bbdce05521bee97fbfe4f93875cb378eef0537e8ea2,CURRENT_VINTAGE_RESEARCH,
DAMODARAN_ERP_T12M,2015-03-01,2015-03-01,2015-03-02T23:59:59+00:00,0.0567,ratio,https://pages.stern.nyu.edu/~adamodar/pc/implprem/ERPbymonth.xlsx,2026-09-08T21:34:49.959114+00:00,762bee964f6f77e893dd6bbdce05521bee97fbfe4f93875cb378eef0537e8ea2,CURRENT_VINTAGE_RESEARCH,
DAMODARAN_ERP_T12M,2015-04-01,2015-04-01,2015-04-01T23:59:59+00:00,0.058600000000000006,ratio,https://pages.stern.nyu.edu/~adamodar/pc/implprem/ERPbymonth.xlsx,2026-09-08T21:34:49.959114+00:00,762bee964f6f77e893dd6bbdce05521bee97fbfe4f93875cb378eef0537e8ea2,CURRENT_VINTAGE_RESEARCH,
DAMODARAN_ERP_T12M,2015-05-01,2015-05-01,2015-05-01T23:59:59+00:00,0.058,ratio,https://pages.stern.nyu.edu/~adamodar/pc/implprem/ERPbymonth.xlsx,2026-09-08T21:34:49.959114+00:00,762bee964f6f77e893dd6bbdce05521bee97fbfe4f93875cb378eef0537e8ea2,CURRENT_VINTAGE_RESEARCH,
DAMODARAN_ERP_T12M,2015-06-01,2015-06-01,2015-06-01T23:59:59+00:00,0.0574,ratio,https://pages.stern.nyu.edu/~adamodar/pc/implprem/ERPbymonth.xlsx,2026-09-08T21:34:49.959114+00:00,762bee964f6f77e893dd6bbdce05521bee97fbfe4f93875cb378eef0537e8ea2,CURRENT_VINTAGE_RESEARCH,
DAMODARAN_ERP_T12M,2015-07-01,2015-07-01,2015-07-01T23:59:59+00:00,0.0581,ratio,https://pages.stern.nyu.edu/~adamodar/pc/implprem/ERPbymonth.xlsx,2026-09-08T21:34:49.959114+00:00,762bee964f6f77e893dd6bbdce05521bee97fbfe4f93875cb378eef0537e8ea2,CURRENT_VINTAGE_RESEARCH,
DAMODARAN_ERP_T12M,2015-08-01,2015-08-01,2015-08-03T23:59:59+00:00,0.059,ratio,https://pages.stern.nyu.edu/~adamodar/pc/implprem/ERPbymonth.xlsx,2026-09-08T21:34:49.959114+00:00,762bee964f6f77e893dd6bbdce05521bee97fbfe4f93875cb378eef0537e8ea2,CURRENT_VINTAGE_RESEARCH,
DAMODARAN_ERP_T12M,2015-09-01,2015-09-01,2015-09-01T23:59:59+00:00,0.06280000000000001,ratio,https://pages.stern.nyu.edu/~adamodar/pc/implprem/ERPbymonth.xlsx,2026-09-08T21:34:49.959114+00:00,762bee964f6f77e893dd6bbdce05521bee97fbfe4f93875cb378eef0537e8ea2,CURRENT_VINTAGE_RESEARCH,
DAMODARAN_ERP_T12M,2015-10-01,2015-10-01,2015-10-01T23:59:59+00:00,0.0663,ratio,https://pages.stern.nyu.edu/~adamodar/pc/implprem/ERPbymonth.xlsx,2026-09-08T21:34:49.959114+00:00,762bee964f6f77e893dd6bbdce05521bee97fbfe4f93875cb378eef0537e8ea2,CURRENT_VINTAGE_RESEARCH,
DAMODARAN_ERP_T12M,2015-11-01,2015-11-01,2015-11-02T23:59:59+00:00,0.0612,ratio,https://pages.stern.nyu.edu/~adamodar/pc/implprem/ERPbymonth.xlsx,2026-09-08T21:34:49.959114+00:00,762bee964f6f77e893dd6bbdce05521bee97fbfe4f93875cb378eef0537e8ea2,CURRENT_VINTAGE_RESEARCH,
DAMODARAN_ERP_T12M,2015-12-01,2015-12-01,2015-12-01T23:59:59+00:00,0.0611,ratio,https://pages.stern.nyu.edu/~adamodar/pc/implprem/ERPbymonth.xlsx,2026-09-08T21:34:49.959114+00:00,762bee964f6f77e893dd6bbdce05521bee97fbfe4f93875cb378eef0537e8ea2,CURRENT_VINTAGE_RESEARCH,
DAMODARAN_ERP_T12M,2016-01-01,2016-01-01,2016-01-04T23:59:59+00:00,0.0612,ratio,https://pages.stern.nyu.edu/~adamodar/pc/implprem/ERPbymonth.xlsx,2026-09-08T21:34:49.959114+00:00,762bee964f6f77e893dd6bbdce05521bee97fbfe4f93875cb378eef0537e8ea2,CURRENT_VINTAGE_RESEARCH,
DAMODARAN_ERP_T12M,2016-02-01,2016-02-01,2016-02-01T23:59:59+00:00,0.0647,ratio,https://pages.stern.nyu.edu/~adamodar/pc/implprem/ERPbymonth.xlsx,2026-09-08T21:34:49.959114+00:00,762bee964f6f77e893dd6bbdce05521bee97fbfe4f93875cb378eef0537e8ea2,CURRENT_VINTAGE_RESEARCH,
DAMODARAN_ERP_T12M,2016-03-01,2016-03-01,2016-03-01T23:59:59+00:00,0.0651,ratio,https://pages.stern.nyu.edu/~adamodar/pc/implprem/ERPbymonth.xlsx,2026-09-08T21:34:49.959114+00:00,762bee964f6f77e893dd6bbdce05521bee97fbfe4f93875cb378eef0537e8ea2,CURRENT_VINTAGE_RESEARCH,
DAMODARAN_ERP_T12M,2016-04-01,2016-04-01,2016-04-01T23:59:59+00:00,0.062400000000000004,ratio,https://pages.stern.nyu.edu/~adamodar/pc/implprem/ERPbymonth.xlsx,2026-09-08T21:34:49.959114+00:00,762bee964f6f77e893dd6bbdce05521bee97fbfe4f93875cb378eef0537e8ea2,CURRENT_VINTAGE_RESEARCH,
DAMODARAN_ERP_T12M,2016-05-01,2016-05-01,2016-05-02T23:59:59+00:00,0.0622,ratio,https://pages.stern.nyu.edu/~adamodar/pc/implprem/ERPbymonth.xlsx,2026-09-08T21:34:49.959114+00:00,762bee964f6f77e893dd6bbdce05521bee97fbfe4f93875cb378eef0537e8ea2,CURRENT_VINTAGE_RESEARCH,
DAMODARAN_ERP_T12M,2016-06-01,2016-06-01,2016-06-01T23:59:59+00:00,0.061200000000000004,ratio,https://pages.stern.nyu.edu/~adamodar/pc/implprem/ERPbymonth.xlsx,2026-09-08T21:34:49.959114+00:00,762bee964f6f77e893dd6bbdce05521bee97fbfe4f93875cb378eef0537e8ea2,CURRENT_VINTAGE_RESEARCH,
DAMODARAN_ERP_T12M,2016-07-01,2016-07-01,2016-07-01T23:59:59+00:00,0.06269999999999999,ratio,https://pages.stern.nyu.edu/~adamodar/pc/implprem/ERPbymonth.xlsx,2026-09-08T21:34:49.959114+00:00,762bee964f6f77e893dd6bbdce05521bee97fbfe4f93875cb378eef0537e8ea2,CURRENT_VINTAGE_RESEARCH,
DAMODARAN_ERP_T12M,2016-08-01,2016-08-01,2016-08-01T23:59:59+00:00,0.0606,ratio,https://pages.stern.nyu.edu/~adamodar/pc/implprem/ERPbymonth.xlsx,2026-09-08T21:34:49.959114+00:00,762bee964f6f77e893dd6bbdce05521bee97fbfe4f93875cb378eef0537e8ea2,CURRENT_VINTAGE_RESEARCH,
DAMODARAN_ERP_T12M,2016-09-01,2016-09-01,2016-09-01T23:59:59+00:00,0.060599999999999994,ratio,https://pages.stern.nyu.edu/~adamodar/pc/implprem/ERPbymonth.xlsx,2026-09-08T21:34:49.959114+00:00,762bee964f6f77e893dd6bbdce05521bee97fbfe4f93875cb378eef0537e8ea2,CURRENT_VINTAGE_RESEARCH,
DAMODARAN_ERP_T12M,2016-10-01,2016-10-01,2016-10-03T23:59:59+00:00,0.0616,ratio,https://pages.stern.nyu.edu/~adamodar/pc/implprem/ERPbymonth.xlsx,2026-09-08T21:34:49.959114+00:00,762bee964f6f77e893dd6bbdce05521bee97fbfe4f93875cb378eef0537e8ea2,CURRENT_VINTAGE_RESEARCH,
DAMODARAN_ERP_T12M,2016-11-01,2016-11-01,2016-11-01T23:59:59+00:00,0.0626,ratio,https://pages.stern.nyu.edu/~adamodar/pc/implprem/ERPbymonth.xlsx,2026-09-08T21:34:49.959114+00:00,762bee964f6f77e893dd6bbdce05521bee97fbfe4f93875cb378eef0537e8ea2,CURRENT_VINTAGE_RESEARCH,
DAMODARAN_ERP_T12M,2016-12-01,2016-12-01,2016-12-01T23:59:59+00:00,0.0602,ratio,https://pages.stern.nyu.edu/~adamodar/pc/implprem/ERPbymonth.xlsx,2026-09-08T21:34:49.959114+00:00,762bee964f6f77e893dd6bbdce05521bee97fbfe4f93875cb378eef0537e8ea2,CURRENT_VINTAGE_RESEARCH,
DAMODARAN_ERP_T12M,2017-01-01,2017-01-01,2017-01-03T23:59:59+00:00,0.0569,ratio,https://pages.stern.nyu.edu/~adamodar/pc/implprem/ERPbymonth.xlsx,2026-09-08T21:34:49.959114+00:00,762bee964f6f77e893dd6bbdce05521bee97fbfe4f93875cb378eef0537e8ea2,CURRENT_VINTAGE_RESEARCH,
DAMODARAN_ERP_T12M,2017-02-01,2017-02-01,2017-02-01T23:59:59+00:00,0.0559,ratio,https://pages.stern.nyu.edu/~adamodar/pc/implprem/ERPbymonth.xlsx,2026-09-08T21:34:49.959114+00:00,762bee964f6f77e893dd6bbdce05521bee97fbfe4f93875cb378eef0537e8ea2,CURRENT_VINTAGE_RESEARCH,
DAMODARAN_ERP_T12M,2017-03-01,2017-03-01,2017-03-01T23:59:59+00:00,0.0539,ratio,https://pages.stern.nyu.edu/~adamodar/pc/implprem/ERPbymonth.xlsx,2026-09-08T21:34:49.959114+00:00,762bee964f6f77e893dd6bbdce05521bee97fbfe4f93875cb378eef0537e8ea2,CURRENT_VINTAGE_RESEARCH,
DAMODARAN_ERP_T12M,2017-04-01,2017-04-01,2017-04-03T23:59:59+00:00,0.0538,ratio,https://pages.stern.nyu.edu/~adamodar/pc/implprem/ERPbymonth.xlsx,2026-09-08T21:34:49.959114+00:00,762bee964f6f77e893dd6bbdce05521bee97fbfe4f93875cb378eef0537e8ea2,CURRENT_VINTAGE_RESEARCH,
DAMODARAN_ERP_T12M,2017-05-01,2017-05-01,2017-05-01T23:59:59+00:00,0.0534,ratio,https://pages.stern.nyu.edu/~adamodar/pc/implprem/ERPbymonth.xlsx,2026-09-08T21:34:49.959114+00:00,762bee964f6f77e893dd6bbdce05521bee97fbfe4f93875cb378eef0537e8ea2,CURRENT_VINTAGE_RESEARCH,
DAMODARAN_ERP_T12M,2017-06-01,2017-06-01,2017-06-01T23:59:59+00:00,0.0529,ratio,https://pages.stern.nyu.edu/~adamodar/pc/implprem/ERPbymonth.xlsx,2026-09-08T21:34:49.959114+00:00,762bee964f6f77e893dd6bbdce05521bee97fbfe4f93875cb378eef0537e8ea2,CURRENT_VINTAGE_RESEARCH,
DAMODARAN_ERP_T12M,2017-07-01,2017-07-01,2017-07-03T23:59:59+00:00,0.0513,ratio,https://pages.stern.nyu.edu/~adamodar/pc/implprem/ERPbymonth.xlsx,2026-09-08T21:34:49.959114+00:00,762bee964f6f77e893dd6bbdce05521bee97fbfe4f93875cb378eef0537e8ea2,CURRENT_VINTAGE_RESEARCH,
DAMODARAN_ERP_T12M,2017-08-01,2017-08-01,2017-08-01T23:59:59+00:00,0.0503,ratio,https://pages.stern.nyu.edu/~adamodar/pc/implprem/ERPbymonth.xlsx,2026-09-08T21:34:49.959114+00:00,762bee964f6f77e893dd6bbdce05521bee97fbfe4f93875cb378eef0537e8ea2,CURRENT_VINTAGE_RESEARCH,
DAMODARAN_ERP_T12M,2017-09-01,2017-09-01,2017-09-01T23:59:59+00:00,0.0504,ratio,https://pages.stern.nyu.edu/~adamodar/pc/implprem/ERPbymonth.xlsx,2026-09-08T21:34:49.959114+00:00,762bee964f6f77e893dd6bbdce05521bee97fbfe4f93875cb378eef0537e8ea2,CURRENT_VINTAGE_RESEARCH,
DAMODARAN_ERP_T12M,2017-10-01,2017-10-01,2017-10-02T23:59:59+00:00,0.0492,ratio,https://pages.stern.nyu.edu/~adamodar/pc/implprem/ERPbymonth.xlsx,2026-09-08T21:34:49.959114+00:00,762bee964f6f77e893dd6bbdce05521bee97fbfe4f93875cb378eef0537e8ea2,CURRENT_VINTAGE_RESEARCH,
DAMODARAN_ERP_T12M,2017-11-01,2017-11-01,2017-11-01T23:59:59+00:00,0.0481,ratio,https://pages.stern.nyu.edu/~adamodar/pc/implprem/ERPbymonth.xlsx,2026-09-08T21:34:49.959114+00:00,762bee964f6f77e893dd6bbdce05521bee97fbfe4f93875cb378eef0537e8ea2,CURRENT_VINTAGE_RESEARCH,
DAMODARAN_ERP_T12M,2017-12-01,2017-12-01,2017-12-01T23:59:59+00:00,0.0468,ratio,https://pages.stern.nyu.edu/~adamodar/pc/implprem/ERPbymonth.xlsx,2026-09-08T21:34:49.959114+00:00,762bee964f6f77e893dd6bbdce05521bee97fbfe4f93875cb378eef0537e8ea2,CURRENT_VINTAGE_RESEARCH,
DAMODARAN_ERP_T12M,2018-01-01,2018-01-01,2018-01-02T23:59:59+00:00,0.0508,ratio,https://pages.stern.nyu.edu/~adamodar/pc/implprem/ERPbymonth.xlsx,2026-09-08T21:34:49.959114+00:00,762bee964f6f77e893dd6bbdce05521bee97fbfe4f93875cb378eef0537e8ea2,CURRENT_VINTAGE_RESEARCH,
DAMODARAN_ERP_T12M,2018-02-01,2018-02-01,2018-02-01T23:59:59+00:00,0.0478,ratio,https://pages.stern.nyu.edu/~adamodar/pc/implprem/ERPbymonth.xlsx,2026-09-08T21:34:49.959114+00:00,762bee964f6f77e893dd6bbdce05521bee97fbfe4f93875cb378eef0537e8ea2,CURRENT_VINTAGE_RESEARCH,
DAMODARAN_ERP_T12M,2018-03-01,2018-03-01,2018-03-01T23:59:59+00:00,0.0496,ratio,https://pages.stern.nyu.edu/~adamodar/pc/implprem/ERPbymonth.xlsx,2026-09-08T21:34:49.959114+00:00,762bee964f6f77e893dd6bbdce05521bee97fbfe4f93875cb378eef0537e8ea2,CURRENT_VINTAGE_RESEARCH,
DAMODARAN_ERP_T12M,2018-04-01,2018-04-01,2018-04-02T23:59:59+00:00,0.0519,ratio,https://pages.stern.nyu.edu/~adamodar/pc/implprem/ERPbymonth.xlsx,2026-09-08T21:34:49.959114+00:00,762bee964f6f77e893dd6bbdce05521bee97fbfe4f93875cb378eef0537e8ea2,CURRENT_VINTAGE_RESEARCH,
DAMODARAN_ERP_T12M,2018-05-01,2018-05-01,2018-05-01T23:59:59+00:00,0.0516,ratio,https://pages.stern.nyu.edu/~adamodar/pc/implprem/ERPbymonth.xlsx,2026-09-08T21:34:49.959114+00:00,762bee964f6f77e893dd6bbdce05521bee97fbfe4f93875cb378eef0537e8ea2,CURRENT_VINTAGE_RESEARCH,
DAMODARAN_ERP_T12M,2018-06-01,2018-06-01,2018-06-01T23:59:59+00:00,0.0506,ratio,https://pages.stern.nyu.edu/~adamodar/pc/implprem/ERPbymonth.xlsx,2026-09-08T21:34:49.959114+00:00,762bee964f6f77e893dd6bbdce05521bee97fbfe4f93875cb378eef0537e8ea2,CURRENT_VINTAGE_RESEARCH,
DAMODARAN_ERP_T12M,2018-07-01,2018-07-01,2018-07-02T23:59:59+00:00,0.0537,ratio,https://pages.stern.nyu.edu/~adamodar/pc/implprem/ERPbymonth.xlsx,2026-09-08T21:34:49.959114+00:00,762bee964f6f77e893dd6bbdce05521bee97fbfe4f93875cb378eef0537e8ea2,CURRENT_VINTAGE_RESEARCH,
DAMODARAN_ERP_T12M,2018-08-01,2018-08-01,2018-08-01T23:59:59+00:00,0.0518,ratio,https://pages.stern.nyu.edu/~adamodar/pc/implprem/ERPbymonth.xlsx,2026-09-08T21:34:49.959114+00:00,762bee964f6f77e893dd6bbdce05521bee97fbfe4f93875cb378eef0537e8ea2,CURRENT_VINTAGE_RESEARCH,
DAMODARAN_ERP_T12M,2018-09-01,2018-09-01,2018-09-04T23:59:59+00:00,0.0504,ratio,https://pages.stern.nyu.edu/~adamodar/pc/implprem/ERPbymonth.xlsx,2026-09-08T21:34:49.959114+00:00,762bee964f6f77e893dd6bbdce05521bee97fbfe4f93875cb378eef0537e8ea2,CURRENT_VINTAGE_RESEARCH,
DAMODARAN_ERP_T12M,2018-10-01,2018-10-01,2018-10-01T23:59:59+00:00,0.0538,ratio,https://pages.stern.nyu.edu/~adamodar/pc/implprem/ERPbymonth.xlsx,2026-09-08T21:34:49.959114+00:00,762bee964f6f77e893dd6bbdce05521bee97fbfe4f93875cb378eef0537e8ea2,CURRENT_VINTAGE_RESEARCH,
DAMODARAN_ERP_T12M,2018-11-01,2018-11-01,2018-11-01T23:59:59+00:00,0.0576,ratio,https://pages.stern.nyu.edu/~adamodar/pc/implprem/ERPbymonth.xlsx,2026-09-08T21:34:49.959114+00:00,762bee964f6f77e893dd6bbdce05521bee97fbfe4f93875cb378eef0537e8ea2,CURRENT_VINTAGE_RESEARCH,
DAMODARAN_ERP_T12M,2018-12-01,2018-12-01,2018-12-03T23:59:59+00:00,0.0568,ratio,https://pages.stern.nyu.edu/~adamodar/pc/implprem/ERPbymonth.xlsx,2026-09-08T21:34:49.959114+00:00,762bee964f6f77e893dd6bbdce05521bee97fbfe4f93875cb378eef0537e8ea2,CURRENT_VINTAGE_RESEARCH,
DAMODARAN_ERP_T12M,2019-01-01,2019-01-01,2019-01-02T23:59:59+00:00,0.0596,ratio,https://pages.stern.nyu.edu/~adamodar/pc/implprem/ERPbymonth.xlsx,2026-09-08T21:34:49.959114+00:00,762bee964f6f77e893dd6bbdce05521bee97fbfe4f93875cb378eef0537e8ea2,CURRENT_VINTAGE_RESEARCH,
DAMODARAN_ERP_T12M,2019-02-01,2019-02-01,2019-02-01T23:59:59+00:00,0.0553,ratio,https://pages.stern.nyu.edu/~adamodar/pc/implprem/ERPbymonth.xlsx,2026-09-08T21:34:49.959114+00:00,762bee964f6f77e893dd6bbdce05521bee97fbfe4f93875cb378eef0537e8ea2,CURRENT_VINTAGE_RESEARCH,
DAMODARAN_ERP_T12M,2019-03-01,2019-03-01,2019-03-01T23:59:59+00:00,0.0536,ratio,https://pages.stern.nyu.edu/~adamodar/pc/implprem/ERPbymonth.xlsx,2026-09-08T21:34:49.959114+00:00,762bee964f6f77e893dd6bbdce05521bee97fbfe4f93875cb378eef0537e8ea2,CURRENT_VINTAGE_RESEARCH,
DAMODARAN_ERP_T12M,2019-04-01,2019-04-01,2019-04-01T23:59:59+00:00,0.0575,ratio,https://pages.stern.nyu.edu/~adamodar/pc/implprem/ERPbymonth.xlsx,2026-09-08T21:34:49.959114+00:00,762bee964f6f77e893dd6bbdce05521bee97fbfe4f93875cb378eef0537e8ea2,CURRENT_VINTAGE_RESEARCH,
DAMODARAN_ERP_T12M,2019-05-01,2019-05-01,2019-05-01T23:59:59+00:00,0.0562,ratio,https://pages.stern.nyu.edu/~adamodar/pc/implprem/ERPbymonth.xlsx,2026-09-08T21:34:49.959114+00:00,762bee964f6f77e893dd6bbdce05521bee97fbfe4f93875cb378eef0537e8ea2,CURRENT_VINTAGE_RESEARCH,
DAMODARAN_ERP_T12M,2019-06-01,2019-06-01,2019-06-03T23:59:59+00:00,0.0593,ratio,https://pages.stern.nyu.edu/~adamodar/pc/implprem/ERPbymonth.xlsx,2026-09-08T21:34:49.959114+00:00,762bee964f6f77e893dd6bbdce05521bee97fbfe4f93875cb378eef0537e8ea2,CURRENT_VINTAGE_RESEARCH,
DAMODARAN_ERP_T12M,2019-07-01,2019-07-01,2019-07-01T23:59:59+00:00,0.0567,ratio,https://pages.stern.nyu.edu/~adamodar/pc/implprem/ERPbymonth.xlsx,2026-09-08T21:34:49.959114+00:00,762bee964f6f77e893dd6bbdce05521bee97fbfe4f93875cb378eef0537e8ea2,CURRENT_VINTAGE_RESEARCH,
DAMODARAN_ERP_T12M,2019-08-01,2019-08-01,2019-08-01T23:59:59+00:00,0.0559,ratio,https://pages.stern.nyu.edu/~adamodar/pc/implprem/ERPbymonth.xlsx,2026-09-08T21:34:49.959114+00:00,762bee964f6f77e893dd6bbdce05521bee97fbfe4f93875cb378eef0537e8ea2,CURRENT_VINTAGE_RESEARCH,
DAMODARAN_ERP_T12M,2019-09-01,2019-09-01,2019-09-03T23:59:59+00:00,0.0575,ratio,https://pages.stern.nyu.edu/~adamodar/pc/implprem/ERPbymonth.xlsx,2026-09-08T21:34:49.959114+00:00,762bee964f6f77e893dd6bbdce05521bee97fbfe4f93875cb378eef0537e8ea2,CURRENT_VINTAGE_RESEARCH,
DAMODARAN_ERP_T12M,2019-10-01,2019-10-01,2019-10-01T23:59:59+00:00,0.0555,ratio,https://pages.stern.nyu.edu/~adamodar/pc/implprem/ERPbymonth.xlsx,2026-09-08T21:34:49.959114+00:00,762bee964f6f77e893dd6bbdce05521bee97fbfe4f93875cb378eef0537e8ea2,CURRENT_VINTAGE_RESEARCH,
DAMODARAN_ERP_T12M,2019-11-01,2019-11-01,2019-11-01T23:59:59+00:00,0.0544,ratio,https://pages.stern.nyu.edu/~adamodar/pc/implprem/ERPbymonth.xlsx,2026-09-08T21:34:49.959114+00:00,762bee964f6f77e893dd6bbdce05521bee97fbfe4f93875cb378eef0537e8ea2,CURRENT_VINTAGE_RESEARCH,
DAMODARAN_ERP_T12M,2019-12-01,2019-12-01,2019-12-02T23:59:59+00:00,0.0525,ratio,https://pages.stern.nyu.edu/~adamodar/pc/implprem/ERPbymonth.xlsx,2026-09-08T21:34:49.959114+00:00,762bee964f6f77e893dd6bbdce05521bee97fbfe4f93875cb378eef0537e8ea2,CURRENT_VINTAGE_RESEARCH,
DAMODARAN_ERP_T12M,2020-01-01,2020-01-01,2020-01-02T23:59:59+00:00,0.052,ratio,https://pages.stern.nyu.edu/~adamodar/pc/implprem/ERPbymonth.xlsx,2026-09-08T21:34:49.959114+00:00,762bee964f6f77e893dd6bbdce05521bee97fbfe4f93875cb378eef0537e8ea2,CURRENT_VINTAGE_RESEARCH,
DAMODARAN_ERP_T12M,2020-02-01,2020-02-01,2020-02-03T23:59:59+00:00,0.0524,ratio,https://pages.stern.nyu.edu/~adamodar/pc/implprem/ERPbymonth.xlsx,2026-09-08T21:34:49.959114+00:00,762bee964f6f77e893dd6bbdce05521bee97fbfe4f93875cb378eef0537e8ea2,CURRENT_VINTAGE_RESEARCH,
DAMODARAN_ERP_T12M,2020-03-01,2020-03-01,2020-03-02T23:59:59+00:00,0.0569,ratio,https://pages.stern.nyu.edu/~adamodar/pc/implprem/ERPbymonth.xlsx,2026-09-08T21:34:49.959114+00:00,762bee964f6f77e893dd6bbdce05521bee97fbfe4f93875cb378eef0537e8ea2,CURRENT_VINTAGE_RESEARCH,
DAMODARAN_ERP_T12M,2020-04-01,2020-04-01,2020-04-01T23:59:59+00:00,0.0616,ratio,https://pages.stern.nyu.edu/~adamodar/pc/implprem/ERPbymonth.xlsx,2026-09-08T21:34:49.959114+00:00,762bee964f6f77e893dd6bbdce05521bee97fbfe4f93875cb378eef0537e8ea2,CURRENT_VINTAGE_RESEARCH,
DAMODARAN_ERP_T12M,2020-05-01,2020-05-01,2020-05-01T23:59:59+00:00,0.0565,ratio,https://pages.stern.nyu.edu/~adamodar/pc/implprem/ERPbymonth.xlsx,2026-09-08T21:34:49.959114+00:00,762bee964f6f77e893dd6bbdce05521bee97fbfe4f93875cb378eef0537e8ea2,CURRENT_VINTAGE_RESEARCH,
DAMODARAN_ERP_T12M,2020-06-01,2020-06-01,2020-06-01T23:59:59+00:00,0.0545,ratio,https://pages.stern.nyu.edu/~adamodar/pc/implprem/ERPbymonth.xlsx,2026-09-08T21:34:49.959114+00:00,762bee964f6f77e893dd6bbdce05521bee97fbfe4f93875cb378eef0537e8ea2,CURRENT_VINTAGE_RESEARCH,
DAMODARAN_ERP_T12M,2020-07-01,2020-07-01,2020-07-01T23:59:59+00:00,0.0537,ratio,https://pages.stern.nyu.edu/~adamodar/pc/implprem/ERPbymonth.xlsx,2026-09-08T21:34:49.959114+00:00,762bee964f6f77e893dd6bbdce05521bee97fbfe4f93875cb378eef0537e8ea2,CURRENT_VINTAGE_RESEARCH,
DAMODARAN_ERP_T12M,2020-08-01,2020-08-01,2020-08-03T23:59:59+00:00,0.051,ratio,https://pages.stern.nyu.edu/~adamodar/pc/implprem/ERPbymonth.xlsx,2026-09-08T21:34:49.959114+00:00,762bee964f6f77e893dd6bbdce05521bee97fbfe4f93875cb378eef0537e8ea2,CURRENT_VINTAGE_RESEARCH,
DAMODARAN_ERP_T12M,2020-09-01,2020-09-01,2020-09-01T23:59:59+00:00,0.0474,ratio,https://pages.stern.nyu.edu/~adamodar/pc/implprem/ERPbymonth.xlsx,2026-09-08T21:34:49.959114+00:00,762bee964f6f77e893dd6bbdce05521bee97fbfe4f93875cb378eef0537e8ea2,CURRENT_VINTAGE_RESEARCH,
DAMODARAN_ERP_T12M,2020-10-01,2020-10-01,2020-10-01T23:59:59+00:00,0.0474,ratio,https://pages.stern.nyu.edu/~adamodar/pc/implprem/ERPbymonth.xlsx,2026-09-08T21:34:49.959114+00:00,762bee964f6f77e893dd6bbdce05521bee97fbfe4f93875cb378eef0537e8ea2,CURRENT_VINTAGE_RESEARCH,
DAMODARAN_ERP_T12M,2020-11-01,2020-11-01,2020-11-02T23:59:59+00:00,0.0485,ratio,https://pages.stern.nyu.edu/~adamodar/pc/implprem/ERPbymonth.xlsx,2026-09-08T21:34:49.959114+00:00,762bee964f6f77e893dd6bbdce05521bee97fbfe4f93875cb378eef0537e8ea2,CURRENT_VINTAGE_RESEARCH,
DAMODARAN_ERP_T12M,2020-12-01,2020-12-01,2020-12-01T23:59:59+00:00,0.0449,ratio,https://pages.stern.nyu.edu/~adamodar/pc/implprem/ERPbymonth.xlsx,2026-09-08T21:34:49.959114+00:00,762bee964f6f77e893dd6bbdce05521bee97fbfe4f93875cb378eef0537e8ea2,CURRENT_VINTAGE_RESEARCH,
DAMODARAN_ERP_T12M,2021-01-01,2021-01-01,2021-01-04T23:59:59+00:00,0.042,ratio,https://pages.stern.nyu.edu/~adamodar/pc/implprem/ERPbymonth.xlsx,2026-09-08T21:34:49.959114+00:00,762bee964f6f77e893dd6bbdce05521bee97fbfe4f93875cb378eef0537e8ea2,CURRENT_VINTAGE_RESEARCH,
DAMODARAN_ERP_T12M,2021-02-01,2021-02-01,2021-02-01T23:59:59+00:00,0.0476,ratio,https://pages.stern.nyu.edu/~adamodar/pc/implprem/ERPbymonth.xlsx,2026-09-08T21:34:49.959114+00:00,762bee964f6f77e893dd6bbdce05521bee97fbfe4f93875cb378eef0537e8ea2,CURRENT_VINTAGE_RESEARCH,
DAMODARAN_ERP_T12M,2021-03-01,2021-03-01,2021-03-01T23:59:59+00:00,0.0463,ratio,https://pages.stern.nyu.edu/~adamodar/pc/implprem/ERPbymonth.xlsx,2026-09-08T21:34:49.959114+00:00,762bee964f6f77e893dd6bbdce05521bee97fbfe4f93875cb378eef0537e8ea2,CURRENT_VINTAGE_RESEARCH,
DAMODARAN_ERP_T12M,2021-04-01,2021-04-01,2021-04-01T23:59:59+00:00,0.0414,ratio,https://pages.stern.nyu.edu/~adamodar/pc/implprem/ERPbymonth.xlsx,2026-09-08T21:34:49.959114+00:00,762bee964f6f77e893dd6bbdce05521bee97fbfe4f93875cb378eef0537e8ea2,CURRENT_VINTAGE_RESEARCH,
DAMODARAN_ERP_T12M,2021-05-01,2021-05-01,2021-05-03T23:59:59+00:00,0.0399,ratio,https://pages.stern.nyu.edu/~adamodar/pc/implprem/ERPbymonth.xlsx,2026-09-08T21:34:49.959114+00:00,762bee964f6f77e893dd6bbdce05521bee97fbfe4f93875cb378eef0537e8ea2,CURRENT_VINTAGE_RESEARCH,
DAMODARAN_ERP_T12M,2021-06-01,2021-06-01,2021-06-01T23:59:59+00:00,0.041,ratio,https://pages.stern.nyu.edu/~adamodar/pc/implprem/ERPbymonth.xlsx,2026-09-08T21:34:49.959114+00:00,762bee964f6f77e893dd6bbdce05521bee97fbfe4f93875cb378eef0537e8ea2,CURRENT_VINTAGE_RESEARCH,
DAMODARAN_ERP_T12M,2021-07-01,2021-07-01,2021-07-01T23:59:59+00:00,0.0396,ratio,https://pages.stern.nyu.edu/~adamodar/pc/implprem/ERPbymonth.xlsx,2026-09-08T21:34:49.959114+00:00,762bee964f6f77e893dd6bbdce05521bee97fbfe4f93875cb378eef0537e8ea2,CURRENT_VINTAGE_RESEARCH,
DAMODARAN_ERP_T12M,2021-08-01,2021-08-01,2021-08-02T23:59:59+00:00,0.0391,ratio,https://pages.stern.nyu.edu/~adamodar/pc/implprem/ERPbymonth.xlsx,2026-09-08T21:34:49.959114+00:00,762bee964f6f77e893dd6bbdce05521bee97fbfe4f93875cb378eef0537e8ea2,CURRENT_VINTAGE_RESEARCH,
DAMODARAN_ERP_T12M,2021-09-01,2021-09-01,2021-09-01T23:59:59+00:00,0.0421,ratio,https://pages.stern.nyu.edu/~adamodar/pc/implprem/ERPbymonth.xlsx,2026-09-08T21:34:49.959114+00:00,762bee964f6f77e893dd6bbdce05521bee97fbfe4f93875cb378eef0537e8ea2,CURRENT_VINTAGE_RESEARCH,
DAMODARAN_ERP_T12M,2021-10-01,2021-10-01,2021-10-01T23:59:59+00:00,0.0487,ratio,https://pages.stern.nyu.edu/~adamodar/pc/implprem/ERPbymonth.xlsx,2026-09-08T21:34:49.959114+00:00,762bee964f6f77e893dd6bbdce05521bee97fbfe4f93875cb378eef0537e8ea2,CURRENT_VINTAGE_RESEARCH,
DAMODARAN_ERP_T12M,2021-11-01,2021-11-01,2021-11-01T23:59:59+00:00,0.0458,ratio,https://pages.stern.nyu.edu/~adamodar/pc/implprem/ERPbymonth.xlsx,2026-09-08T21:34:49.959114+00:00,762bee964f6f77e893dd6bbdce05521bee97fbfe4f93875cb378eef0537e8ea2,CURRENT_VINTAGE_RESEARCH,
DAMODARAN_ERP_T12M,2021-12-01,2021-12-01,2021-12-01T23:59:59+00:00,0.0479,ratio,https://pages.stern.nyu.edu/~adamodar/pc/implprem/ERPbymonth.xlsx,2026-09-08T21:34:49.959114+00:00,762bee964f6f77e893dd6bbdce05521bee97fbfe4f93875cb378eef0537e8ea2,CURRENT_VINTAGE_RESEARCH,
DAMODARAN_ERP_T12M,2022-01-01,2022-01-01,2022-01-03T23:59:59+00:00,0.0424,ratio,https://pages.stern.nyu.edu/~adamodar/pc/implprem/ERPbymonth.xlsx,2026-09-08T21:34:49.959114+00:00,762bee964f6f77e893dd6bbdce05521bee97fbfe4f93875cb378eef0537e8ea2,CURRENT_VINTAGE_RESEARCH,
DAMODARAN_ERP_T12M,2022-02-01,2022-02-01,2022-02-01T23:59:59+00:00,0.0456,ratio,https://pages.stern.nyu.edu/~adamodar/pc/implprem/ERPbymonth.xlsx,2026-09-08T21:34:49.959114+00:00,762bee964f6f77e893dd6bbdce05521bee97fbfe4f93875cb378eef0537e8ea2,CURRENT_VINTAGE_RESEARCH,
DAMODARAN_ERP_T12M,2022-03-01,2022-03-01,2022-03-01T23:59:59+00:00,0.0475,ratio,https://pages.stern.nyu.edu/~adamodar/pc/implprem/ERPbymonth.xlsx,2026-09-08T21:34:49.959114+00:00,762bee964f6f77e893dd6bbdce05521bee97fbfe4f93875cb378eef0537e8ea2,CURRENT_VINTAGE_RESEARCH,
DAMODARAN_ERP_T12M,2022-04-01,2022-04-01,2022-04-01T23:59:59+00:00,0.0473,ratio,https://pages.stern.nyu.edu/~adamodar/pc/implprem/ERPbymonth.xlsx,2026-09-08T21:34:49.959114+00:00,762bee964f6f77e893dd6bbdce05521bee97fbfe4f93875cb378eef0537e8ea2,CURRENT_VINTAGE_RESEARCH,
DAMODARAN_ERP_T12M,2022-05-01,2022-05-01,2022-05-02T23:59:59+00:00,0.0514,ratio,https://pages.stern.nyu.edu/~adamodar/pc/implprem/ERPbymonth.xlsx,2026-09-08T21:34:49.959114+00:00,762bee964f6f77e893dd6bbdce05521bee97fbfe4f93875cb378eef0537e8ea2,CURRENT_VINTAGE_RESEARCH,
DAMODARAN_ERP_T12M,2022-06-01,2022-06-01,2022-06-01T23:59:59+00:00,0.0507,ratio,https://pages.stern.nyu.edu/~adamodar/pc/implprem/ERPbymonth.xlsx,2026-09-08T21:34:49.959114+00:00,762bee964f6f77e893dd6bbdce05521bee97fbfe4f93875cb378eef0537e8ea2,CURRENT_VINTAGE_RESEARCH,
DAMODARAN_ERP_T12M,2022-07-01,2022-07-01,2022-07-01T23:59:59+00:00,0.0601,ratio,https://pages.stern.nyu.edu/~adamodar/pc/implprem/ERPbymonth.xlsx,2026-09-08T21:34:49.959114+00:00,762bee964f6f77e893dd6bbdce05521bee97fbfe4f93875cb378eef0537e8ea2,CURRENT_VINTAGE_RESEARCH,
DAMODARAN_ERP_T12M,2022-08-01,2022-08-01,2022-08-01T23:59:59+00:00,0.0542,ratio,https://pages.stern.nyu.edu/~adamodar/pc/implprem/ERPbymonth.xlsx,2026-09-08T21:34:49.959114+00:00,762bee964f6f77e893dd6bbdce05521bee97fbfe4f93875cb378eef0537e8ea2,CURRENT_VINTAGE_RESEARCH,
DAMODARAN_ERP_T12M,2022-09-01,2022-09-01,2022-09-01T23:59:59+00:00,0.0545,ratio,https://pages.stern.nyu.edu/~adamodar/pc/implprem/ERPbymonth.xlsx,2026-09-08T21:34:49.959114+00:00,762bee964f6f77e893dd6bbdce05521bee97fbfe4f93875cb378eef0537e8ea2,CURRENT_VINTAGE_RESEARCH,
DAMODARAN_ERP_T12M,2022-10-01,2022-10-01,2022-10-03T23:59:59+00:00,0.0621,ratio,https://pages.stern.nyu.edu/~adamodar/pc/implprem/ERPbymonth.xlsx,2026-09-08T21:34:49.959114+00:00,762bee964f6f77e893dd6bbdce05521bee97fbfe4f93875cb378eef0537e8ea2,CURRENT_VINTAGE_RESEARCH,
DAMODARAN_ERP_T12M,2022-11-01,2022-11-01,2022-11-01T23:59:59+00:00,0.0548,ratio,https://pages.stern.nyu.edu/~adamodar/pc/implprem/ERPbymonth.xlsx,2026-09-08T21:34:49.959114+00:00,762bee964f6f77e893dd6bbdce05521bee97fbfe4f93875cb378eef0537e8ea2,CURRENT_VINTAGE_RESEARCH,
DAMODARAN_ERP_T12M,2022-12-01,2022-12-01,2022-12-01T23:59:59+00:00,0.0526,ratio,https://pages.stern.nyu.edu/~adamodar/pc/implprem/ERPbymonth.xlsx,2026-09-08T21:34:49.959114+00:00,762bee964f6f77e893dd6bbdce05521bee97fbfe4f93875cb378eef0537e8ea2,CURRENT_VINTAGE_RESEARCH,
DAMODARAN_ERP_T12M,2023-01-01,2023-01-01,2023-01-03T23:59:59+00:00,0.0594,ratio,https://pages.stern.nyu.edu/~adamodar/pc/implprem/ERPbymonth.xlsx,2026-09-08T21:34:49.959114+00:00,762bee964f6f77e893dd6bbdce05521bee97fbfe4f93875cb378eef0537e8ea2,CURRENT_VINTAGE_RESEARCH,
DAMODARAN_ERP_T12M,2023-02-01,2023-02-01,2023-02-01T23:59:59+00:00,0.0554,ratio,https://pages.stern.nyu.edu/~adamodar/pc/implprem/ERPbymonth.xlsx,2026-09-08T21:34:49.959114+00:00,762bee964f6f77e893dd6bbdce05521bee97fbfe4f93875cb378eef0537e8ea2,CURRENT_VINTAGE_RESEARCH,
DAMODARAN_ERP_T12M,2023-03-01,2023-03-01,2023-03-01T23:59:59+00:00,0.0558,ratio,https://pages.stern.nyu.edu/~adamodar/pc/implprem/ERPbymonth.xlsx,2026-09-08T21:34:49.959114+00:00,762bee964f6f77e893dd6bbdce05521bee97fbfe4f93875cb378eef0537e8ea2,CURRENT_VINTAGE_RESEARCH,
DAMODARAN_ERP_T12M,2023-04-01,2023-04-01,2023-04-03T23:59:59+00:00,0.0544,ratio,https://pages.stern.nyu.edu/~adamodar/pc/implprem/ERPbymonth.xlsx,2026-09-08T21:34:49.959114+00:00,762bee964f6f77e893dd6bbdce05521bee97fbfe4f93875cb378eef0537e8ea2,CURRENT_VINTAGE_RESEARCH,
DAMODARAN_ERP_T12M,2023-05-01,2023-05-01,2023-05-01T23:59:59+00:00,0.053,ratio,https://pages.stern.nyu.edu/~adamodar/pc/implprem/ERPbymonth.xlsx,2026-09-08T21:34:49.959114+00:00,762bee964f6f77e893dd6bbdce05521bee97fbfe4f93875cb378eef0537e8ea2,CURRENT_VINTAGE_RESEARCH,
DAMODARAN_ERP_T12M,2023-06-01,2023-06-01,2023-06-01T23:59:59+00:00,0.0525,ratio,https://pages.stern.nyu.edu/~adamodar/pc/implprem/ERPbymonth.xlsx,2026-09-08T21:34:49.959114+00:00,762bee964f6f77e893dd6bbdce05521bee97fbfe4f93875cb378eef0537e8ea2,CURRENT_VINTAGE_RESEARCH,
DAMODARAN_ERP_T12M,2023-07-01,2023-07-01,2023-07-03T23:59:59+00:00,0.05,ratio,https://pages.stern.nyu.edu/~adamodar/pc/implprem/ERPbymonth.xlsx,2026-09-08T21:34:49.959114+00:00,762bee964f6f77e893dd6bbdce05521bee97fbfe4f93875cb378eef0537e8ea2,CURRENT_VINTAGE_RESEARCH,
DAMODARAN_ERP_T12M,2023-08-01,2023-08-01,2023-08-01T23:59:59+00:00,0.0483,ratio,https://pages.stern.nyu.edu/~adamodar/pc/implprem/ERPbymonth.xlsx,2026-09-08T21:34:49.959114+00:00,762bee964f6f77e893dd6bbdce05521bee97fbfe4f93875cb378eef0537e8ea2,CURRENT_VINTAGE_RESEARCH,
DAMODARAN_ERP_T12M,2023-09-01,2023-09-01,2023-09-01T23:59:59+00:00,0.049,ratio,https://pages.stern.nyu.edu/~adamodar/pc/implprem/ERPbymonth.xlsx,2026-09-08T21:34:49.959114+00:00,762bee964f6f77e893dd6bbdce05521bee97fbfe4f93875cb378eef0537e8ea2,CURRENT_VINTAGE_RESEARCH,
DAMODARAN_ERP_T12M,2023-10-01,2023-10-01,2023-10-02T23:59:59+00:00,0.0484,ratio,https://pages.stern.nyu.edu/~adamodar/pc/implprem/ERPbymonth.xlsx,2026-09-08T21:34:49.959114+00:00,762bee964f6f77e893dd6bbdce05521bee97fbfe4f93875cb378eef0537e8ea2,CURRENT_VINTAGE_RESEARCH,
DAMODARAN_ERP_T12M,2023-11-01,2023-11-01,2023-11-01T23:59:59+00:00,0.0488,ratio,https://pages.stern.nyu.edu/~adamodar/pc/implprem/ERPbymonth.xlsx,2026-09-08T21:34:49.959114+00:00,762bee964f6f77e893dd6bbdce05521bee97fbfe4f93875cb378eef0537e8ea2,CURRENT_VINTAGE_RESEARCH,
DAMODARAN_ERP_T12M,2023-12-01,2023-12-01,2023-12-01T23:59:59+00:00,0.0453,ratio,https://pages.stern.nyu.edu/~adamodar/pc/implprem/ERPbymonth.xlsx,2026-09-08T21:34:49.959114+00:00,762bee964f6f77e893dd6bbdce05521bee97fbfe4f93875cb378eef0537e8ea2,CURRENT_VINTAGE_RESEARCH,
DAMODARAN_ERP_T12M,2024-01-01,2024-01-01,2024-01-02T23:59:59+00:00,0.046,ratio,https://pages.stern.nyu.edu/~adamodar/pc/implprem/ERPbymonth.xlsx,2026-09-08T21:34:49.959114+00:00,762bee964f6f77e893dd6bbdce05521bee97fbfe4f93875cb378eef0537e8ea2,CURRENT_VINTAGE_RESEARCH,
DAMODARAN_ERP_T12M,2024-02-01,2024-02-01,2024-02-01T23:59:59+00:00,0.045,ratio,https://pages.stern.nyu.edu/~adamodar/pc/implprem/ERPbymonth.xlsx,2026-09-08T21:34:49.959114+00:00,762bee964f6f77e893dd6bbdce05521bee97fbfe4f93875cb378eef0537e8ea2,CURRENT_VINTAGE_RESEARCH,
DAMODARAN_ERP_T12M,2024-03-01,2024-03-01,2024-03-01T23:59:59+00:00,0.0433,ratio,https://pages.stern.nyu.edu/~adamodar/pc/implprem/ERPbymonth.xlsx,2026-09-08T21:34:49.959114+00:00,762bee964f6f77e893dd6bbdce05521bee97fbfe4f93875cb378eef0537e8ea2,CURRENT_VINTAGE_RESEARCH,
DAMODARAN_ERP_T12M,2024-04-01,2024-04-01,2024-04-01T23:59:59+00:00,0.0423,ratio,https://pages.stern.nyu.edu/~adamodar/pc/implprem/ERPbymonth.xlsx,2026-09-08T21:34:49.959114+00:00,762bee964f6f77e893dd6bbdce05521bee97fbfe4f93875cb378eef0537e8ea2,CURRENT_VINTAGE_RESEARCH,
DAMODARAN_ERP_T12M,2024-05-01,2024-05-01,2024-05-01T23:59:59+00:00,0.044,ratio,https://pages.stern.nyu.edu/~adamodar/pc/implprem/ERPbymonth.xlsx,2026-09-08T21:34:49.959114+00:00,762bee964f6f77e893dd6bbdce05521bee97fbfe4f93875cb378eef0537e8ea2,CURRENT_VINTAGE_RESEARCH,
DAMODARAN_ERP_T12M,2024-06-01,2024-06-01,2024-06-03T23:59:59+00:00,0.0427,ratio,https://pages.stern.nyu.edu/~adamodar/pc/implprem/ERPbymonth.xlsx,2026-09-08T21:34:49.959114+00:00,762bee964f6f77e893dd6bbdce05521bee97fbfe4f93875cb378eef0537e8ea2,CURRENT_VINTAGE_RESEARCH,
DAMODARAN_ERP_T12M,2024-07-01,2024-07-01,2024-07-01T23:59:59+00:00,0.0412,ratio,https://pages.stern.nyu.edu/~adamodar/pc/implprem/ERPbymonth.xlsx,2026-09-08T21:34:49.959114+00:00,762bee964f6f77e893dd6bbdce05521bee97fbfe4f93875cb378eef0537e8ea2,CURRENT_VINTAGE_RESEARCH,
DAMODARAN_ERP_T12M,2024-08-01,2024-08-01,2024-08-01T23:59:59+00:00,0.0412,ratio,https://pages.stern.nyu.edu/~adamodar/pc/implprem/ERPbymonth.xlsx,2026-09-08T21:34:49.959114+00:00,762bee964f6f77e893dd6bbdce05521bee97fbfe4f93875cb378eef0537e8ea2,CURRENT_VINTAGE_RESEARCH,
DAMODARAN_ERP_T12M,2024-09-01,2024-09-01,2024-09-03T23:59:59+00:00,0.0406,ratio,https://pages.stern.nyu.edu/~adamodar/pc/implprem/ERPbymonth.xlsx,2026-09-08T21:34:49.959114+00:00,762bee964f6f77e893dd6bbdce05521bee97fbfe4f93875cb378eef0537e8ea2,CURRENT_VINTAGE_RESEARCH,
DAMODARAN_ERP_T12M,2024-10-01,2024-10-01,2024-10-01T23:59:59+00:00,0.0394,ratio,https://pages.stern.nyu.edu/~adamodar/pc/implprem/ERPbymonth.xlsx,2026-09-08T21:34:49.959114+00:00,762bee964f6f77e893dd6bbdce05521bee97fbfe4f93875cb378eef0537e8ea2,CURRENT_VINTAGE_RESEARCH,
DAMODARAN_ERP_T12M,2024-11-01,2024-11-01,2024-11-01T23:59:59+00:00,0.0431,ratio,https://pages.stern.nyu.edu/~adamodar/pc/implprem/ERPbymonth.xlsx,2026-09-08T21:34:49.959114+00:00,762bee964f6f77e893dd6bbdce05521bee97fbfe4f93875cb378eef0537e8ea2,CURRENT_VINTAGE_RESEARCH,
DAMODARAN_ERP_T12M,2024-12-01,2024-12-01,2024-12-02T23:59:59+00:00,0.0407,ratio,https://pages.stern.nyu.edu/~adamodar/pc/implprem/ERPbymonth.xlsx,2026-09-08T21:34:49.959114+00:00,762bee964f6f77e893dd6bbdce05521bee97fbfe4f93875cb378eef0537e8ea2,CURRENT_VINTAGE_RESEARCH,
DAMODARAN_ERP_T12M,2025-01-01,2025-01-01,2025-01-02T23:59:59+00:00,0.0433,ratio,https://pages.stern.nyu.edu/~adamodar/pc/implprem/ERPbymonth.xlsx,2026-09-08T21:34:49.959114+00:00,762bee964f6f77e893dd6bbdce05521bee97fbfe4f93875cb378eef0537e8ea2,CURRENT_VINTAGE_RESEARCH,
DAMODARAN_ERP_T12M,2025-02-01,2025-02-01,2025-02-03T23:59:59+00:00,0.0427,ratio,https://pages.stern.nyu.edu/~adamodar/pc/implprem/ERPbymonth.xlsx,2026-09-08T21:34:49.959114+00:00,762bee964f6f77e893dd6bbdce05521bee97fbfe4f93875cb378eef0537e8ea2,CURRENT_VINTAGE_RESEARCH,
DAMODARAN_ERP_T12M,2025-03-01,2025-03-01,2025-03-03T23:59:59+00:00,0.0435,ratio,https://pages.stern.nyu.edu/~adamodar/pc/implprem/ERPbymonth.xlsx,2026-09-08T21:34:49.959114+00:00,762bee964f6f77e893dd6bbdce05521bee97fbfe4f93875cb378eef0537e8ea2,CURRENT_VINTAGE_RESEARCH,
DAMODARAN_ERP_T12M,2025-04-01,2025-04-01,2025-04-01T23:59:59+00:00,0.0461,ratio,https://pages.stern.nyu.edu/~adamodar/pc/implprem/ERPbymonth.xlsx,2026-09-08T21:34:49.959114+00:00,762bee964f6f77e893dd6bbdce05521bee97fbfe4f93875cb378eef0537e8ea2,CURRENT_VINTAGE_RESEARCH,
DAMODARAN_ERP_T12M,2025-05-01,2025-05-01,2025-05-01T23:59:59+00:00,0.0458,ratio,https://pages.stern.nyu.edu/~adamodar/pc/implprem/ERPbymonth.xlsx,2026-09-08T21:34:49.959114+00:00,762bee964f6f77e893dd6bbdce05521bee97fbfe4f93875cb378eef0537e8ea2,CURRENT_VINTAGE_RESEARCH,
DAMODARAN_ERP_T12M,2025-06-01,2025-06-01,2025-06-02T23:59:59+00:00,0.0423,ratio,https://pages.stern.nyu.edu/~adamodar/pc/implprem/ERPbymonth.xlsx,2026-09-08T21:34:49.959114+00:00,762bee964f6f77e893dd6bbdce05521bee97fbfe4f93875cb378eef0537e8ea2,CURRENT_VINTAGE_RESEARCH,
DAMODARAN_ERP_T12M,2025-07-01,2025-07-01,2025-07-01T23:59:59+00:00,0.0421,ratio,https://pages.stern.nyu.edu/~adamodar/pc/implprem/ERPbymonth.xlsx,2026-09-08T21:34:49.959114+00:00,762bee964f6f77e893dd6bbdce05521bee97fbfe4f93875cb378eef0537e8ea2,CURRENT_VINTAGE_RESEARCH,
DAMODARAN_ERP_T12M,2025-08-01,2025-08-01,2025-08-01T23:59:59+00:00,0.0415,ratio,https://pages.stern.nyu.edu/~adamodar/pc/implprem/ERPbymonth.xlsx,2026-09-08T21:34:49.959114+00:00,762bee964f6f77e893dd6bbdce05521bee97fbfe4f93875cb378eef0537e8ea2,CURRENT_VINTAGE_RESEARCH,
DAMODARAN_ERP_T12M,2025-09-01,2025-09-01,2025-09-02T23:59:59+00:00,0.0394,ratio,https://pages.stern.nyu.edu/~adamodar/pc/implprem/ERPbymonth.xlsx,2026-09-08T21:34:49.959114+00:00,762bee964f6f77e893dd6bbdce05521bee97fbfe4f93875cb378eef0537e8ea2,CURRENT_VINTAGE_RESEARCH,
DAMODARAN_ERP_T12M,2025-10-01,2025-10-01,2025-10-01T23:59:59+00:00,0.0401,ratio,https://pages.stern.nyu.edu/~adamodar/pc/implprem/ERPbymonth.xlsx,2026-09-08T21:34:49.959114+00:00,762bee964f6f77e893dd6bbdce05521bee97fbfe4f93875cb378eef0537e8ea2,CURRENT_VINTAGE_RESEARCH,
DAMODARAN_ERP_T12M,2025-11-01,2025-11-01,2025-11-03T23:59:59+00:00,0.0395,ratio,https://pages.stern.nyu.edu/~adamodar/pc/implprem/ERPbymonth.xlsx,2026-09-08T21:34:49.959114+00:00,762bee964f6f77e893dd6bbdce05521bee97fbfe4f93875cb378eef0537e8ea2,CURRENT_VINTAGE_RESEARCH,
DAMODARAN_ERP_T12M,2025-12-01,2025-12-01,2025-12-01T23:59:59+00:00,0.0399,ratio,https://pages.stern.nyu.edu/~adamodar/pc/implprem/ERPbymonth.xlsx,2026-09-08T21:34:49.959114+00:00,762bee964f6f77e893dd6bbdce05521bee97fbfe4f93875cb378eef0537e8ea2,CURRENT_VINTAGE_RESEARCH,
DAMODARAN_ERP_T12M,2026-01-01,2026-01-01,2026-01-02T23:59:59+00:00,0.0423,ratio,https://pages.stern.nyu.edu/~adamodar/pc/implprem/ERPbymonth.xlsx,2026-09-08T21:34:49.959114+00:00,762bee964f6f77e893dd6bbdce05521bee97fbfe4f93875cb378eef0537e8ea2,CURRENT_VINTAGE_RESEARCH,
DAMODARAN_ERP_T12M,2026-02-01,2026-02-01,2026-02-02T23:59:59+00:00,0.0425,ratio,https://pages.stern.nyu.edu/~adamodar/pc/implprem/ERPbymonth.xlsx,2026-09-08T21:34:49.959114+00:00,762bee964f6f77e893dd6bbdce05521bee97fbfe4f93875cb378eef0537e8ea2,CURRENT_VINTAGE_RESEARCH,
DAMODARAN_ERP_T12M,2026-03-01,2026-03-01,2026-03-02T23:59:59+00:00,0.0437,ratio,https://pages.stern.nyu.edu/~adamodar/pc/implprem/ERPbymonth.xlsx,2026-09-08T21:34:49.959114+00:00,762bee964f6f77e893dd6bbdce05521bee97fbfe4f93875cb378eef0537e8ea2,CURRENT_VINTAGE_RESEARCH,
DAMODARAN_ERP_T12M,2026-04-01,2026-04-01,2026-04-01T23:59:59+00:00,0.0477,ratio,https://pages.stern.nyu.edu/~adamodar/pc/implprem/ERPbymonth.xlsx,2026-09-08T21:34:49.959114+00:00,762bee964f6f77e893dd6bbdce05521bee97fbfe4f93875cb378eef0537e8ea2,CURRENT_VINTAGE_RESEARCH,
DAMODARAN_ERP_T12M,2026-05-01,2026-05-01,2026-05-01T23:59:59+00:00,0.0436,ratio,https://pages.stern.nyu.edu/~adamodar/pc/implprem/ERPbymonth.xlsx,2026-09-08T21:34:49.959114+00:00,762bee964f6f77e893dd6bbdce05521bee97fbfe4f93875cb378eef0537e8ea2,CURRENT_VINTAGE_RESEARCH,
DAMODARAN_ERP_T12M,2026-06-01,2026-06-01,2026-06-01T23:59:59+00:00,0.0431,ratio,https://pages.stern.nyu.edu/~adamodar/pc/implprem/ERPbymonth.xlsx,2026-09-08T21:34:49.959114+00:00,762bee964f6f77e893dd6bbdce05521bee97fbfe4f93875cb378eef0537e8ea2,CURRENT_VINTAGE_RESEARCH,
DAMODARAN_ERP_T12M,2026-07-01,2026-07-01,2026-07-01T23:59:59+00:00,0.042,ratio,https://pages.stern.nyu.edu/~adamodar/pc/implprem/ERPbymonth.xlsx,2026-09-08T21:34:49.959114+00:00,762bee964f6f77e893dd6bbdce05521bee97fbfe4f93875cb378eef0537e8ea2,CURRENT_VINTAGE_RESEARCH,
DAMODARAN_ERP_T12M,2026-08-01,2026-08-01,2026-08-03T23:59:59+00:00,0.0423,ratio,https://pages.stern.nyu.edu/~adamodar/pc/implprem/ERPbymonth.xlsx,2026-09-08T21:34:49.959114+00:00,762bee964f6f77e893dd6bbdce05521bee97fbfe4f93875cb378eef0537e8ea2,CURRENT_VINTAGE_RESEARCH,
DAMODARAN_ERP_T12M,2026-09-01,2026-09-01,2026-09-01T23:59:59+00:00,0.0409,ratio,https://pages.stern.nyu.edu/~adamodar/pc/implprem/ERPbymonth.xlsx,2026-09-08T21:34:49.959114+00:00,762bee964f6f77e893dd6bbdce05521bee97fbfe4f93875cb378eef0537e8ea2,CURRENT_VINTAGE_RESEARCH,
