date,level
2018-12-03,3.5183866024017334
2018-12-04,3.5764999389648438
2018-12-05,3.5878098011016846
2018-12-06,3.632662534713745
2018-12-07,3.632662534713745
2018-12-10,3.631883382797241
2018-12-11,3.6344175338745117
2018-12-12,3.6350033283233643
2018-12-13,3.600101947784424
2018-12-14,3.6127641201019287
2018-12-17,3.623448371887207
2018-12-18,3.6564905643463135
2018-12-19,3.676076889038086
2018-12-20,3.7146573066711426
2018-12-21,3.6786487102508545
2018-12-24,3.6962575912475586
2018-12-27,3.699225425720215
2018-12-28,3.679044246673584
2018-12-31,3.689926862716675
2019-01-02,3.7077324390411377
2019-01-03,3.760756731033325
2019-01-04,3.716240644454956
2019-01-07,3.7215828895568848
2019-01-08,3.7116904258728027
2019-01-09,3.68517804145813
2019-01-10,3.6867611408233643
2019-01-11,3.68517804145813
2019-01-14,3.6725151538848877
2019-01-15,3.6570825576782227
2019-01-16,3.6555001735687256
2019-01-17,3.6610400676727295
2019-01-18,3.6315605640411377
2019-01-21,3.638286828994751
2019-01-22,3.6582703590393066
2019-01-23,3.66282057762146
2019-01-24,3.6814181804656982
2019-01-25,3.6675686836242676
2019-01-28,3.670536994934082
2019-01-29,3.670536994934082
2019-01-30,3.676076889038086
2019-01-31,3.7025885581970215
2019-02-01,3.687156915664673
2019-02-04,3.661237955093384
2019-02-05,3.687156915664673
2019-02-06,3.690124034881592
2019-02-07,3.700411796569824
2019-02-08,3.7245500087738037
2019-02-11,3.7178237438201904
2019-02-12,3.6921029090881348
2019-02-13,3.690915584564209
2019-02-14,3.705951690673828
2019-02-15,3.712679386138916
2019-02-18,3.7130749225616455
2019-02-19,3.7243523597717285
2019-02-20,3.704962968826294
2019-02-21,3.679241895675659
2019-02-22,3.7053582668304443
2019-02-25,3.6820123195648193
2019-02-26,3.69942307472229
2019-02-27,3.6693499088287354
2019-02-28,3.646793842315674
2019-03-01,3.6281960010528564
2019-03-04,3.642639636993408
2019-03-05,3.6384849548339844
2019-03-06,3.663414239883423
2019-03-07,3.6824071407318115
2019-03-08,3.687156915664673
2019-03-11,3.6867611408233643
2019-03-12,3.701005697250366
2019-03-13,3.7105023860931396
2019-03-14,3.685969114303589
2019-03-15,3.6998190879821777
2019-03-18,3.70654559135437
2019-03-19,3.698632001876831
2019-03-20,3.7108983993530273
2019-03-21,3.7441370487213135
2019-03-22,3.8023059368133545
2019-03-25,3.8019096851348877
2019-03-26,3.797161817550659
2019-03-27,3.825059175491333
2019-03-28,3.838512659072876
2019-03-29,3.8300042152404785
2019-04-01,3.796370506286621
2019-04-02,3.797952890396118
2019-04-03,3.7670886516571045
2019-04-04,3.771836519241333
2019-04-05,3.774606227874756
2019-04-08,3.769066333770752
2019-04-09,3.7801458835601807
2019-04-10,3.784498929977417
2019-04-11,3.7692642211914062
2019-04-12,3.7413666248321533
2019-04-15,3.7385976314544678
2019-04-16,3.7235615253448486
2019-04-17,3.725935459136963
2019-04-18,3.73820161819458
2019-04-23,3.7219786643981934
2019-04-24,3.753634452819824
2019-04-25,3.747699022293091
2019-04-26,3.764317512512207
2019-04-29,3.767483949661255
2019-04-30,3.7524476051330566
2019-05-01,3.7860825061798096
2019-05-02,3.7508652210235596
2019-05-03,3.759174108505249
2019-05-07,3.8003270626068115
2019-05-08,3.804680585861206
2019-05-09,3.8052737712860107
2019-05-10,3.8098247051239014
2019-05-13,3.824861526489258
2019-05-14,3.813187599182129
2019-05-15,3.826838731765747
2019-05-16,3.8234755992889404
2019-05-17,3.8298065662384033
2019-05-20,3.8284218311309814
2019-05-21,3.8141770362854004
2019-05-22,3.830796480178833
2019-05-23,3.875905990600586
2019-05-24,3.877488374710083
2019-05-28,3.9016268253326416
2019-05-29,3.941197395324707
2019-05-30,3.932887315750122
2019-05-31,3.976414918899536
2019-06-03,4.007674694061279
2019-06-04,3.98274564743042
2019-06-05,3.9669182300567627
2019-06-06,3.9962003231048584
2019-06-07,4.006091594696045
2019-06-10,3.969291925430298
2019-06-11,3.9645438194274902
2019-06-12,3.9649393558502197
2019-06-13,3.9845027923583984
2019-06-14,3.992922067642212
2019-06-17,3.998534917831421
2019-06-18,4.033412456512451
2019-06-19,4.006954193115234
2019-06-20,4.055461883544922
2019-06-21,4.005349636077881
2019-06-24,4.02379035949707
2019-06-25,4.03902530670166
2019-06-26,4.0169758796691895
2019-06-27,4.02218770980835
2019-06-28,4.041029930114746
2019-07-01,4.035417556762695
2019-07-02,4.047443866729736
2019-07-03,4.075507640838623
2019-07-04,4.0883355140686035
2019-07-05,4.015772819519043
2019-07-08,4.046241283416748
2019-07-09,4.027800559997559
2019-07-10,4.020183086395264
2019-07-11,3.986908435821533
2019-07-12,3.935593843460083
2019-07-15,3.973879098892212
2019-07-16,3.956040143966675
2019-07-17,3.9901154041290283
2019-07-18,3.9905169010162354
2019-07-19,4.002141952514648
2019-07-22,4.021787166595459
2019-07-23,3.9953272342681885
2019-07-24,3.9957287311553955
2019-07-25,3.9776883125305176
2019-07-26,3.9917190074920654
2019-07-29,3.9875102043151855
2019-07-30,3.985706329345703
2019-07-31,4.0177764892578125
2019-08-01,4.076307773590088
2019-08-02,4.126420497894287
2019-08-05,4.184550762176514
2019-08-06,4.225442409515381
2019-08-07,4.324062347412109
2019-08-08,4.221432685852051
2019-08-09,4.289585113525391
2019-08-12,4.31203556060791
2019-08-13,4.340097904205322
2019-08-14,4.409453392028809
2019-08-15,4.435911178588867
2019-08-16,4.413061141967773
2019-08-19,4.384997844696045
2019-08-20,4.397426605224609
2019-08-21,4.399831771850586
2019-08-22,4.37617826461792
2019-08-23,4.400232791900635
2019-08-27,4.467582702636719
2019-08-28,4.492037296295166
2019-08-29,4.439118385314941
2019-08-30,4.453551292419434
2019-09-02,4.457561016082764
2019-09-03,4.503664493560791
2019-09-04,4.469587326049805
2019-09-05,4.3841962814331055
2019-09-06,4.41546630859375
2019-09-09,4.363349437713623
2019-09-10,4.328873157501221
2019-09-11,4.279562473297119
2019-09-12,4.25510835647583
2019-09-13,4.1789374351501465
2019-09-16,4.186154365539551
2019-09-17,4.228248119354248
2019-09-18,4.259518146514893
2019-09-19,4.252702713012695
2019-09-20,4.2671356201171875
2019-09-23,4.3204545974731445
2019-09-24,4.336490154266357
2019-09-25,4.3164448738098145
2019-09-26,4.318850517272949
2019-09-27,4.313639163970947
2019-09-30,4.31443977355957
2019-10-01,4.360143184661865
2019-10-02,4.373372554779053
2019-10-03,4.38780403137207
2019-10-04,4.417871475219727
2019-10-07,4.408250331878662
2019-10-08,4.4230828285217285
2019-10-09,4.381390571594238
2019-10-10,4.314841270446777
2019-10-11,4.253504276275635
2019-10-14,4.285977840423584
2019-10-15,4.2523016929626465
2019-10-16,4.243080139160156
2019-10-17,4.242680549621582
2019-10-18,4.251900672912598
2019-10-21,4.200585842132568
2019-10-22,4.220230579376221
2019-10-23,4.245887279510498
2019-10-24,4.245486736297607
2019-10-25,4.223036289215088
2019-10-28,4.157289981842041
2019-10-29,4.1669111251831055
2019-10-30,4.198582172393799
2019-10-31,4.276756763458252
2019-11-01,4.2442827224731445
2019-11-04,4.205798149108887
2019-11-05,4.157289981842041
2019-11-06,4.175731182098389
2019-11-07,4.100362777709961
2019-11-08,4.118803977966309
2019-11-11,4.086731433868408
2019-11-12,4.0935468673706055
2019-11-13,4.139649391174316
2019-11-14,4.187356472015381
2019-11-15,4.175731182098389
2019-11-18,4.18936014175415
2019-11-19,4.206198692321777
2019-11-20,4.237468242645264
2019-11-21,4.235062599182129
2019-11-22,4.250297546386719
2019-11-25,4.253905773162842
2019-11-26,4.280766010284424
2019-11-27,4.257513046264648
2019-11-28,4.255509853363037
2019-11-29,4.247891902923584
2019-12-02,4.202991962432861
2019-12-03,4.292791843414307
2019-12-04,4.229851722717285
2019-12-05,4.218626499176025
2019-12-06,4.2021894454956055
2019-12-09,4.208603858947754
2019-12-10,4.207801818847656
2019-12-11,4.2382707595825195
2019-12-12,4.159152030944824
2019-12-13,4.2301554679870605
2019-12-16,4.172135829925537
2019-12-17,4.170917987823486
2019-12-18,4.136837005615234
2019-12-19,4.136025428771973
2019-12-20,4.137649059295654
2019-12-23,4.149820804595947
2019-12-24,4.136025428771973
2019-12-27,4.171323776245117
2019-12-30,4.114116668701172
2019-12-31,4.14332914352417
2020-01-02,4.151849269866943
2020-01-03,4.202159881591797
2020-01-06,4.194045066833496
2020-01-07,4.184308052062988
2020-01-08,4.171323776245117
2020-01-09,4.125883102416992
2020-01-10,4.190393924713135
2020-01-13,4.288580417633057
2020-01-14,4.2009429931640625
2020-01-15,4.225286483764648
2020-01-16,4.205812454223633
2020-01-17,4.183091163635254
2020-01-20,4.1818742752075195
2020-01-21,4.221635818481445
2020-01-22,4.230560302734375
2020-01-23,4.280872344970703
2020-01-24,4.300753116607666
2020-01-27,4.359584331512451
2020-01-28,4.338891506195068
2020-01-29,4.356337070465088
2020-01-30,4.395288944244385
2020-01-31,4.415980339050293
2020-02-03,4.401374816894531
2020-02-04,4.3587727546691895
2020-02-05,4.320226669311523
2020-02-06,4.322256565093994
2020-02-07,4.378653049468994
2020-02-10,4.396099090576172
2020-02-11,4.377029895782471
2020-02-12,4.341731548309326
2020-02-13,4.352280616760254
2020-02-14,4.3924479484558105
2020-02-17,4.3855509757995605
2020-02-18,4.425312042236328
2020-02-19,4.405431747436523
2020-02-20,4.449656963348389
2020-02-21,4.4882001876831055
2020-02-24,4.567723274230957
2020-02-25,4.585981845855713
2020-02-26,4.56610107421875
2020-02-27,4.618440628051758
2020-02-28,4.714598178863525
2020-03-02,4.708918571472168
2020-03-03,4.7344794273376465
2020-03-04,4.759230136871338
2020-03-05,4.778703689575195
2020-03-06,5.044864177703857
2020-03-09,5.32887601852417
2020-03-10,5.164555549621582
2020-03-11,4.9657464027404785
2020-03-12,4.316982746124268
2020-03-13,4.633452415466309
2020-03-16,4.753549098968506
2020-03-17,4.844838619232178
2020-03-18,4.452902793884277
2020-03-19,4.393260955810547
2020-03-20,4.670373916625977
2020-03-23,4.8777031898498535
2020-03-24,4.874862194061279
2020-03-25,4.994554042816162
2020-03-26,4.930447578430176
2020-03-27,5.012405872344971
2020-03-30,5.151976585388184
2020-03-31,5.004696846008301
2020-04-01,5.12560510635376
2020-04-02,5.09963846206665
2020-04-03,5.121953964233398
2020-04-06,5.068802833557129
2020-04-07,5.017273902893066
2020-04-08,5.004696846008301
2020-04-09,5.0010457038879395
2020-04-14,4.962906360626221
2020-04-15,5.075700759887695
2020-04-16,5.131690502166748
2020-04-17,5.149137020111084
2020-04-20,5.09152364730835
2020-04-21,5.195390701293945
2020-04-22,5.128444671630859
2020-04-23,5.153600215911865
2020-04-24,5.1458916664123535
2020-04-27,5.094769477844238
2020-04-28,5.108563423156738
2020-04-29,5.127633571624756
2020-04-30,5.106130123138428
2020-05-01,5.07164192199707
2020-05-04,5.065151214599609
2020-05-05,5.021332263946533
2020-05-06,4.930852890014648
2020-05-07,4.991307258605957
2020-05-11,4.943431377410889
2020-05-12,4.955603122711182
2020-05-13,5.013217449188232
2020-05-14,5.0890889167785645
2020-05-15,5.053384780883789
2020-05-18,4.947083473205566
2020-05-19,4.936534404754639
2020-05-20,4.940186023712158
2020-05-21,4.98806095123291
2020-05-22,5.007536888122559
2020-05-26,4.944648742675781
2020-05-27,4.9478936195373535
2020-05-28,4.864719390869141
2020-05-29,4.928419589996338
2020-06-01,4.906103610992432
2020-06-02,4.902857780456543
2020-06-03,4.832261085510254
2020-06-04,4.797773361206055
2020-06-05,4.654144287109375
2020-06-08,4.7344794273376465
2020-06-09,4.8127851486206055
2020-06-10,4.854981899261475
2020-06-11,4.934679985046387
2020-06-12,4.934271812438965
2020-06-15,4.94614839553833
2020-06-16,4.847855091094971
2020-06-17,4.838845252990723
2020-06-18,4.902736186981201
2020-06-19,4.8945441246032715
2020-06-22,4.93386173248291
2020-06-23,4.879800319671631
2020-06-24,4.927718639373779
2020-06-25,4.966625690460205
2020-06-26,4.995294570922852
2020-06-29,4.991199016571045
2020-06-30,4.9793219566345215
2020-07-01,4.947786331176758
2020-07-02,4.948605537414551
2020-07-03,4.958024501800537
2020-07-06,4.920345783233643
2020-07-07,4.954748153686523
2020-07-08,4.982597351074219
2020-07-09,5.021096229553223
2020-07-10,5.067783832550049
2020-07-13,5.019867897033691
2020-07-14,5.068604469299316
2020-07-15,5.038706302642822
2020-07-16,5.073927879333496
2020-07-17,5.054678440093994
2020-07-20,5.0554986000061035
2020-07-21,5.070650100708008
2020-07-22,5.091538906097412
2020-07-23,5.116110801696777
2020-07-24,5.1238932609558105
2020-07-27,5.1460089683532715
2020-07-28,5.13413143157959
2020-07-29,5.129217624664307
2020-07-30,5.166895866394043
2020-07-31,5.163619518280029
2020-08-03,5.13372278213501
2020-08-04,5.171401023864746
2020-08-05,5.141503810882568
2020-08-06,5.195155143737793
2020-08-07,5.151333332061768
2020-08-10,5.121026515960693
2020-08-11,5.036658763885498
2020-08-12,4.994474411010742
2020-08-13,4.995294570922852
2020-08-14,4.9518818855285645
2020-08-17,4.969491481781006
2020-08-18,4.964986801147461
2020-08-19,4.99242639541626
2020-08-20,5.0006184577941895
2020-08-21,5.028467655181885
2020-08-24,5.023553371429443
2020-08-25,4.9551591873168945
2020-08-26,4.944919586181641
2020-08-27,4.884714603424072
2020-08-28,4.892496585845947
2020-09-01,4.9219841957092285
2020-09-02,5.001437187194824
2020-09-03,5.0292863845825195
2020-09-04,4.973587512969971
2020-09-07,4.915841102600098
2020-09-08,4.976045608520508
2020-09-09,4.945737838745117
2020-09-10,4.906421661376953
2020-09-11,4.976864814758301
2020-09-14,4.976045608520508
2020-09-15,4.961301803588867
2020-09-16,4.985055446624756
2020-09-17,4.975636005401611
2020-09-18,4.954748153686523
2020-09-21,4.98341703414917
2020-09-22,4.962529182434082
2020-09-23,4.957205772399902
2020-09-24,4.99242639541626
2020-09-25,4.9993896484375
2020-09-28,4.98341703414917
2020-09-29,4.996932029724121
2020-09-30,4.9326324462890625
2020-10-01,4.935909748077393
2020-10-02,4.9268999099731445
2020-10-05,4.857275009155273
2020-10-06,4.8224639892578125
2020-10-07,4.839254856109619
2020-10-08,4.849493026733398
2020-10-09,4.8449883460998535
2020-10-12,4.852360248565674
2020-10-13,4.885124206542969
2020-10-14,4.915022373199463
2020-10-15,4.928127765655518
2020-10-16,4.88102912902832
2020-10-19,4.863009452819824
2020-10-20,4.839254856109619
2020-10-21,4.815090656280518
2020-10-22,4.7749552726745605
2020-10-23,4.767174243927002
2020-10-26,4.826968669891357
2020-10-27,4.857275009155273
2020-10-28,4.870790481567383
2020-10-29,4.829834938049316
2020-10-30,4.799118518829346
2020-11-02,4.812225818634033
2020-11-03,4.765944480895996
2020-11-04,4.884305477142334
2020-11-05,4.86956262588501
2020-11-06,4.837207794189453
2020-11-09,4.702465534210205
2020-11-10,4.709836959838867
2020-11-11,4.703283786773682
2020-11-12,4.766354560852051
2020-11-13,4.792157173156738
2020-11-16,4.783555507659912
2020-11-17,4.810587406158447
2020-11-18,4.819596290588379
2020-11-19,4.848674297332764
2020-11-20,4.865466594696045
2020-11-23,4.8564558029174805
2020-11-24,4.831473350524902
2020-11-25,4.828606605529785
2020-11-26,4.824101448059082
2020-11-27,4.843760013580322
2020-11-30,4.8458075523376465
2020-12-01,4.769222259521484
2020-12-02,4.733591079711914
2020-12-03,4.756525993347168
2020-12-04,4.700826644897461
2020-12-07,4.755706787109375
2020-12-08,4.77208948135376
2020-12-09,4.754887580871582
2020-12-10,4.763716220855713
2020-12-11,4.820642471313477
2020-12-14,4.800841331481934
2020-12-15,4.791767120361328
2020-12-16,4.769491195678711
2020-12-17,4.776091575622559
2020-12-18,4.745564937591553
2020-12-21,4.760415077209473
2020-12-22,4.781866550445557
2020-12-23,4.7282395362854
2020-12-24,4.755877494812012
2020-12-29,4.766191005706787
2020-12-30,4.755877494812012
2020-12-31,4.773202896118164
2021-01-04,4.7835164070129395
2021-01-05,4.7336015701293945
2021-01-06,4.621810436248779
2021-01-07,4.592521667480469
2021-01-08,4.578084468841553
2021-01-11,4.579733848571777
2021-01-12,4.553333282470703
2021-01-13,4.605309963226318
2021-01-14,4.61521053314209
2021-01-15,4.609435558319092
2021-01-18,4.607785224914551
2021-01-19,4.610260486602783
2021-01-20,4.59953498840332
2021-01-21,4.594172477722168
2021-01-22,4.598710060119629
2021-01-25,4.654812335968018
2021-01-26,4.642849445343018
2021-01-27,4.668838024139404
2021-01-28,4.627173900604248
2021-01-29,4.607785224914551
2021-02-01,4.612735748291016
2021-02-02,4.577671527862549
2021-02-03,4.557870388031006
2021-02-04,4.52239465713501
2021-02-05,4.5108442306518555
2021-02-08,4.51868200302124
2021-02-09,4.529819965362549
2021-02-10,4.521981716156006
2021-02-11,4.52569580078125
2021-02-12,4.47990608215332
2021-02-15,4.441128730773926
2021-02-16,4.389153480529785
2021-02-17,4.424215793609619
2021-02-18,4.405653476715088
2021-02-19,4.354914665222168
2021-02-22,4.334700107574463
2021-02-23,4.301699161529541
2021-02-24,4.263335704803467
2021-02-25,4.212595462799072
2021-02-26,4.240234851837158
2021-03-01,4.261685371398926
2021-03-02,4.271174430847168
2021-03-03,4.2340474128723145
2021-03-04,4.23445987701416
2021-03-05,4.218372344970703
2021-03-08,4.208471298217773
2021-03-09,4.222084045410156
2021-03-10,4.227858543395996
2021-03-11,4.219196319580078
2021-03-12,4.1288557052612305
2021-03-15,4.151544570922852
2021-03-16,4.123493671417236
2021-03-17,4.089666366577148
2021-03-18,4.050684928894043
2021-03-19,4.077085494995117
2021-03-22,4.128443241119385
2021-03-23,4.148656845092773
2021-03-24,4.167219161987305
2021-03-25,4.175057411193848
2021-03-26,4.149481296539307
2021-03-29,4.122669219970703
2021-03-30,4.110086917877197
2021-03-31,4.1321563720703125
2021-04-01,4.158968925476074
2021-04-06,4.187020301818848
2021-04-07,4.182896137237549
2021-04-08,4.172995567321777
2021-04-09,4.181657314300537
2021-04-12,4.169694423675537
2021-04-13,4.168869972229004
2021-04-14,4.182070255279541
2021-04-15,4.267047882080078
2021-04-16,4.220846176147461
2021-04-19,4.2200212478637695
2021-04-20,4.231572151184082
2021-04-21,4.223321914672852
2021-04-22,4.228272438049316
2021-04-23,4.238997936248779
2021-04-26,4.248897075653076
2021-04-27,4.228684425354004
2021-04-28,4.199396133422852
2021-04-29,4.179594993591309
2021-04-30,4.1944451332092285
2021-05-04,4.236522674560547
2021-05-05,4.228272438049316
2021-05-06,4.250547885894775
2021-05-07,4.233222007751465
2021-05-10,4.211771488189697
2021-05-11,4.161445140838623
2021-05-12,4.130093097686768
2021-05-13,4.132568359375
2021-05-14,4.145769119262695
2021-05-17,4.156494617462158
2021-05-18,4.141231536865234
2021-05-19,4.157319068908691
2021-05-20,4.163918972015381
2021-05-21,4.171344757080078
2021-05-24,4.204346179962158
2021-05-25,4.215896129608154
2021-05-26,4.236522674560547
2021-05-27,4.1960954666137695
2021-05-28,4.213421821594238
2021-06-01,4.181657314300537
2021-06-02,4.208471298217773
2021-06-03,4.195271015167236
2021-06-04,4.229922294616699
2021-06-07,4.243123531341553
2021-06-08,4.270348072052002
2021-06-09,4.296749591827393
2021-06-10,4.2996368408203125
2021-06-11,4.314899444580078
2021-06-14,4.295097827911377
2021-06-15,4.275299072265625
2021-06-16,4.297574043273926
2021-06-17,4.340925693511963
2021-06-18,4.408323287963867
2021-06-21,4.385441780090332
2021-06-22,4.345917701721191
2021-06-23,4.342174053192139
2021-06-24,4.362560272216797
2021-06-25,4.319291591644287
2021-06-28,4.361726760864258
2021-06-29,4.3588151931762695
2021-06-30,4.398754596710205
2021-07-01,4.372544288635254
2021-07-02,4.4008355140686035
2021-07-05,4.402498722076416
2021-07-06,4.458247661590576
2021-07-07,4.49569034576416
2021-07-08,4.522316932678223
2021-07-09,4.4665679931640625
2021-07-12,4.459912300109863
2021-07-13,4.470727920532227
2021-07-14,4.461575984954834
2021-07-15,4.4902825355529785
2021-07-16,4.499850273132324
2021-07-19,4.593875885009766
2021-07-20,4.572241306304932
2021-07-21,4.5006842613220215
2021-07-22,4.545198917388916
2021-07-23,4.506092071533203
2021-07-26,4.519821643829346
2021-07-27,4.552272319793701
2021-07-28,4.5264787673950195
2021-07-29,4.537295341491699
2021-07-30,4.552688121795654
2021-08-02,4.593043327331543
2021-08-03,4.5913801193237305
2021-08-04,4.5830583572387695
2021-08-05,4.573073863983154
2021-08-06,4.507755756378174
2021-08-09,4.49818754196167
2021-08-10,4.4665679931640625
2021-08-11,4.443686485290527
2021-08-12,4.454086780548096
2021-08-13,4.503595352172852
2021-08-16,4.553103923797607
2021-08-17,4.52938985824585
2021-08-18,4.527726173400879
2021-08-19,4.579314708709717
2021-08-20,4.580977916717529
2021-08-23,4.573489665985107
2021-08-24,4.557680606842041
2021-08-25,4.511500835418701
2021-08-26,4.509420394897461
2021-08-27,4.52938985824585
2021-08-31,4.5381269454956055
2021-09-01,4.537295341491699
2021-09-02,4.543535232543945
2021-09-03,4.518989562988281
2021-09-06,4.512332439422607
2021-09-07,4.480713844299316
2021-09-08,4.49569034576416
2021-09-09,4.5264787673950195
2021-09-10,4.528141498565674
2021-09-13,4.5456156730651855
2021-09-14,4.596372127532959
2021-09-15,4.580977916717529
2021-09-16,4.56891393661499
2021-09-17,4.543118953704834
2021-09-20,4.58721923828125
2021-09-21,4.597203731536865
2021-09-22,4.60219669342041
2021-09-23,4.527309894561768
2021-09-24,4.486538887023926
2021-09-27,4.471560478210449
2021-09-28,4.412483215332031
2021-09-29,4.411651611328125
2021-09-30,4.38336181640625
2021-10-01,4.40166711807251
2021-10-04,4.421220302581787
2021-10-05,4.382944583892822
2021-10-06,4.408323287963867
2021-10-07,4.36089563369751
2021-10-08,4.319291591644287
2021-10-11,4.320123195648193
2021-10-12,4.35299015045166
2021-10-13,4.414564609527588
2021-10-14,4.4366135597229
2021-10-15,4.4166436195373535
2021-10-18,4.4366135597229
2021-10-19,4.39417839050293
2021-10-20,4.366719722747803
2021-10-21,4.349662780761719
2021-10-22,4.380448818206787
2021-10-25,4.390850067138672
2021-10-26,4.4000020027160645
2021-10-27,4.473225116729736
2021-10-28,4.489867210388184
2021-10-29,4.499850273132324
2021-11-01,4.454919815063477
2021-11-02,4.481545448303223
2021-11-03,4.495274543762207
2021-11-04,4.478217124938965
2021-11-05,4.541038513183594
2021-11-08,4.547279357910156
2021-11-09,4.622997760772705
2021-11-10,4.555184364318848
2021-11-11,4.5264787673950195
2021-11-12,4.5015153884887695
2021-11-15,4.452423095703125
2021-11-16,4.443270683288574
2021-11-17,4.421637058258057
2021-11-18,4.471560478210449
2021-11-19,4.5264787673950195
2021-11-22,4.489867210388184
2021-11-23,4.437446117401123
2021-11-24,4.449926853179932
2021-11-25,4.47239351272583
2021-11-26,4.573489665985107
2021-11-29,4.556432247161865
2021-11-30,4.623830318450928
2021-12-01,4.589715480804443
2021-12-02,4.6571125984191895
2021-12-03,4.679163455963135
2021-12-06,4.682491779327393
2021-12-07,4.644631862640381
2021-12-08,4.553103923797607
2021-12-09,4.56142520904541
2021-12-10,4.574321746826172
2021-12-13,4.607188701629639
2021-12-14,4.5913801193237305
2021-12-15,4.58721923828125
2021-12-16,4.540694713592529
2021-12-17,4.58856201171875
2021-12-20,4.592761516571045
2021-12-21,4.507943630218506
2021-12-22,4.564208507537842
2021-12-23,4.5306172370910645
2021-12-24,4.526838779449463
2021-12-29,4.4743523597717285
2021-12-30,4.486109256744385
2021-12-31,4.521380424499512
2022-01-04,4.361821174621582
2022-01-05,4.379037380218506
2022-01-06,4.3504838943481445
2022-01-07,4.32277250289917
2022-01-10,4.331589698791504
2022-01-11,4.367700099945068
2022-01-12,4.375257968902588
2022-01-13,4.369800090789795
2022-01-14,4.356363296508789
2022-01-17,4.3139543533325195
2022-01-18,4.295478343963623
2022-01-19,4.298838138580322
2022-01-20,4.306395530700684
2022-01-21,4.358041763305664
2022-01-24,4.388694763183594
2022-01-25,4.35090446472168
2022-01-26,4.333268642425537
2022-01-27,4.360562324523926
2022-01-28,4.3576226234436035
2022-01-31,4.340407371520996
2022-02-01,4.318152904510498
2022-02-02,4.365180969238281
2022-02-03,4.2946391105651855
2022-02-04,4.249290466308594
2022-02-07,4.24089241027832
2022-02-08,4.224097728729248
2022-02-09,4.246771812438965
2022-02-10,4.1711907386779785
2022-02-11,4.135501384735107
2022-02-14,4.157755374908447
2022-02-15,4.144738674163818
2022-02-16,4.134660243988037
2022-02-17,4.190296649932861
2022-02-18,4.20562219619751
2022-02-21,4.217379570007324
2022-02-22,4.219478607177734
2022-02-23,4.200793743133545
2022-02-24,4.195544719696045
2022-02-25,4.179800033569336
2022-02-28,4.240053176879883
2022-03-01,4.329911231994629
2022-03-02,4.257268905639648
2022-03-03,4.229976654052734
2022-03-04,4.30261754989624
2022-03-07,4.270285606384277
2022-03-08,4.2047834396362305
2022-03-09,4.180009841918945
2022-03-10,4.09666109085083
2022-03-11,4.108207702636719
2022-03-14,4.038506507873535
2022-03-15,4.033468246459961
2022-03-16,4.007434368133545
2022-03-17,4.045223712921143
2022-03-18,4.053202152252197
2022-03-21,4.0023956298828125
2022-03-22,3.943610429763794
2022-03-23,3.9467599391937256
2022-03-24,3.9960973262786865
2022-03-25,3.9339540004730225
2022-03-28,3.9486501216888428
2022-03-29,3.969644069671631
2022-03-30,4.019611358642578
2022-03-31,4.037245750427246
2022-04-01,4.027588844299316
2022-04-04,4.00701379776001
2022-04-05,3.9366824626922607
2022-04-06,3.886924982070923
2022-04-07,3.843677043914795
2022-04-08,3.8130252361297607
2022-04-11,3.758439540863037
2022-04-12,3.7781736850738525
2022-04-13,3.773135185241699
2022-04-14,3.7084720134735107
2022-04-19,3.6381399631500244
2022-04-20,3.6618640422821045
2022-04-21,3.656196355819702
2022-04-22,3.6715219020843506
2022-04-25,3.7112014293670654
2022-04-26,3.7378642559051514
2022-04-27,3.6902074813842773
2022-04-28,3.665853261947632
2022-04-29,3.650527238845825
2022-05-03,3.625333547592163
2022-05-04,3.6037096977233887
2022-05-05,3.4966375827789307
2022-05-06,3.484251022338867
2022-05-09,3.46535587310791
2022-05-10,3.5610907077789307
2022-05-11,3.5516433715820312
2022-05-12,3.607908010482788
2022-05-13,3.55941104888916
2022-05-16,3.553532600402832
2022-05-17,3.5020956993103027
2022-05-18,3.5340077877044678
2022-05-19,3.597620964050293
2022-05-20,3.6011903285980225
2022-05-23,3.565919876098633
2022-05-24,3.635831832885742
2022-05-25,3.6360414028167725
2022-05-26,3.595731735229492
2022-05-27,3.6318418979644775
2022-05-30,3.592162609100342
2022-05-31,3.549543619155884
2022-06-01,3.5421955585479736
2022-06-06,3.481731414794922
2022-06-07,3.519101619720459
2022-06-08,3.509024143218994
2022-06-09,3.4796316623687744
2022-06-10,3.45989727973938
2022-06-13,3.3591232299804688
2022-06-14,3.3372890949249268
2022-06-15,3.3343498706817627
2022-06-16,3.3571150302886963
2022-06-17,3.4313676357269287
2022-06-20,3.3762636184692383
2022-06-21,3.3783907890319824
2022-06-22,3.43477201461792
2022-06-23,3.48966383934021
2022-06-24,3.4407289028167725
2022-06-27,3.39945387840271
2022-06-28,3.3958373069763184
2022-06-29,3.4575366973876953
2022-06-30,3.5154073238372803
2022-07-01,3.5360450744628906
2022-07-04,3.5060458183288574
2022-07-05,3.5730650424957275
2022-07-06,3.516258716583252
2022-07-07,3.490727186203003
2022-07-08,3.432218551635742
2022-07-11,3.4913651943206787
2022-07-12,3.535193920135498
2022-07-13,3.5141310691833496
2022-07-14,3.532428026199341
2022-07-15,3.5517890453338623
2022-07-18,3.4926421642303467
2022-07-19,3.499450206756592
2022-07-20,3.4943442344665527
2022-07-21,3.5356194972991943
2022-07-22,3.6139144897460938
2022-07-25,3.580085515975952
2022-07-26,3.6041276454925537
2022-07-27,3.6024253368377686
2022-07-28,3.6185948848724365
2022-07-29,3.620722532272339
2022-08-01,3.6517856121063232
2022-08-02,3.646679401397705
2022-08-03,3.5875322818756104
2022-08-04,3.630509376525879
2022-08-05,3.5434916019439697
2022-08-08,3.601148843765259
2022-08-09,3.606255054473877
2022-08-10,3.585617780685425
2022-08-11,3.527322292327881
2022-08-12,3.513918161392212
2022-08-15,3.5492355823516846
2022-08-16,3.5151941776275635
2022-08-17,3.4956204891204834
2022-08-18,3.5192368030548096
2022-08-19,3.4417927265167236
2022-08-22,3.4211552143096924
2022-08-23,3.450941324234009
2022-08-24,3.4054114818573
2022-08-25,3.4181768894195557
2022-08-26,3.4545578956604004
2022-08-30,3.43711256980896
2022-08-31,3.439877986907959
2022-09-01,3.3413710594177246
2022-09-02,3.350519895553589
2022-09-05,3.3481791019439697
2022-09-06,3.2998828887939453
2022-09-07,3.3066911697387695
2022-09-08,3.3230738639831543
2022-09-09,3.3062660694122314
2022-09-12,3.3113720417022705
2022-09-13,3.2541401386260986
2022-09-14,3.294351100921631
2022-09-15,3.2864789962768555
2022-09-16,3.267117977142334
2022-09-20,3.2271194458007812
2022-09-21,3.242225170135498
2022-09-22,3.199673652648926
2022-09-23,3.1830785274505615
2022-09-26,3.2066948413848877
2022-09-27,3.0890393257141113
2022-09-28,3.1594624519348145
2022-09-29,3.1496753692626953
2022-09-30,3.1547815799713135
2022-10-03,3.179887294769287
2022-10-04,3.157973051071167
2022-10-05,3.123293399810791
2022-10-06,3.1092514991760254
2022-10-07,3.0775504112243652
2022-10-10,3.0143613815307617
2022-10-11,3.045423984527588
2022-10-12,3.043508768081665
2022-10-13,3.023510217666626
2022-10-14,2.992234468460083
2022-10-17,3.014786720275879
2022-10-18,2.959894895553589
2022-10-19,2.9443633556365967
2022-10-20,2.9139392375946045
2022-10-21,2.8360698223114014
2022-10-24,2.821176767349243
2022-10-25,2.884791135787964
2022-10-26,2.9296834468841553
2022-10-27,2.9701075553894043
2022-10-28,2.946491241455078
2022-10-31,2.9301087856292725
2022-11-01,2.9450018405914307
2022-11-02,2.963299512863159
2022-11-03,2.914364814758301
2022-11-04,2.886918783187866
2022-11-07,2.8637285232543945
2022-11-08,2.87777042388916
2022-11-09,2.882025718688965
2022-11-10,2.9701075553894043
2022-11-11,2.969043493270874
2022-11-14,2.9573419094085693
2022-11-15,3.004148483276367
2022-11-16,3.0356366634368896
2022-11-17,3.0439345836639404
2022-11-18,3.0286154747009277
2022-11-21,3.0498921871185303
2022-11-22,3.063295841217041
2022-11-23,3.1062729358673096
2022-11-24,3.1318039894104004
2022-11-25,3.100315570831299
2022-11-28,3.11478328704834
2022-11-29,3.1143577098846436
2022-11-30,3.082869529724121
2022-12-01,3.150526523590088
2022-12-02,3.1941418647766113
2022-12-05,3.2077584266662598
2022-12-06,3.227757692337036
2022-12-07,3.2835004329681396
2022-12-08,3.3015847206115723
2022-12-09,3.2513744831085205
2022-12-12,3.2356300354003906
2022-12-13,3.28222393989563
2022-12-14,3.2552034854888916
2022-12-15,3.2894017696380615
2022-12-16,3.2552900314331055
2022-12-19,3.1935434341430664
2022-12-20,3.143023729324341
2022-12-21,3.136547088623047
2022-12-22,3.1512277126312256
2022-12-23,3.1305019855499268
2022-12-28,3.024496555328369
2022-12-29,3.048677444458008
2022-12-30,3.0562334060668945
2023-01-03,3.0748002529144287
2023-01-04,3.1175479888916016
2023-01-05,3.122298002243042
2023-01-06,3.1849076747894287
2023-01-09,3.205202341079712
2023-01-10,3.149068832397461
2023-01-11,3.190521001815796
2023-01-12,3.212110757827759
2023-01-13,3.246654510498047
2023-01-16,3.210815191268921
2023-01-17,3.2220420837402344
2023-01-18,3.2626304626464844
2023-01-19,3.27925443649292
2023-01-20,3.2209625244140625
2023-01-23,3.208872079849243
2023-01-24,3.243847370147705
2023-01-25,3.2345638275146484
2023-01-26,3.2349960803985596
2023-01-27,3.2332687377929688
2023-01-30,3.225496292114258
2023-01-31,3.229382276535034
2023-02-01,3.2431998252868652
2023-02-02,3.3105597496032715
2023-02-03,3.23197340965271
2023-02-06,3.2263600826263428
2023-02-07,3.2138376235961914
2023-02-08,3.1738970279693604
2023-02-09,3.22592830657959
2023-02-10,3.1458306312561035
2023-02-13,3.150364398956299
2023-02-14,3.1369788646698
2023-02-15,3.1253201961517334
2023-02-16,3.0983333587646484
2023-02-17,3.0778231620788574
2023-02-20,3.093583583831787
2023-02-21,3.061630964279175
2023-02-22,3.073721170425415
2023-02-23,3.0994129180908203
2023-02-24,3.0689711570739746
2023-02-27,3.0583925247192383
2023-02-28,3.059687852859497
2023-03-01,3.0430638790130615
2023-03-02,3.0095996856689453
2023-03-03,3.067892074584961
2023-03-06,3.087754011154175
2023-03-07,3.0920722484588623
2023-03-08,3.107400894165039
2023-03-09,3.080413818359375
2023-03-10,3.1736810207366943
2023-03-13,3.244279623031616
2023-03-14,3.1680679321289062
2023-03-15,3.2565855979919434
2023-03-16,3.2151331901550293
2023-03-17,3.2479496002197266
2023-03-20,3.225496292114258
2023-03-21,3.183396339416504
2023-03-22,3.195702314376831
2023-03-23,3.1931118965148926
2023-03-24,3.2341320514678955
2023-03-27,3.1935434341430664
2023-03-28,3.168283700942993
2023-03-29,3.157273054122925
2023-03-30,3.1715221405029297
2023-03-31,3.198725461959839
2023-04-03,3.253131151199341
2023-04-04,3.264789581298828
2023-04-05,3.279038667678833
2023-04-06,3.29911732673645
2023-04-11,3.2414731979370117
2023-04-12,3.246222496032715
2023-04-13,3.2349960803985596
2023-04-14,3.1870667934417725
2023-04-17,3.15640926361084
2023-04-18,3.163318157196045
2023-04-19,3.140432834625244
2023-04-20,3.183828353881836
2023-04-21,3.1689319610595703
2023-04-24,3.196782350540161
2023-04-25,3.239313840866089
2023-04-26,3.2263600826263428
2023-04-27,3.177999258041382
2023-04-28,3.223337173461914
2023-05-02,3.2047698497772217
2023-05-03,3.237154960632324
2023-05-04,3.224632740020752
2023-05-05,3.1721699237823486
2023-05-09,3.141296863555908
2023-05-10,3.155977964401245
2023-05-11,3.1862032413482666
2023-05-12,3.1857714653015137
2023-05-15,3.1382739543914795
2023-05-16,3.106969118118286
2023-05-17,3.1192753314971924
2023-05-18,3.094878911972046
2023-05-19,3.0838682651519775
2023-05-22,3.060119390487671
2023-05-23,3.05169939994812
2023-05-24,3.0676755905151367
2023-05-25,3.043926954269409
2023-05-26,3.038530111312866
2023-05-30,3.095094680786133
2023-05-31,3.1106393337249756
2023-06-01,3.1313652992248535
2023-06-02,3.114525318145752
2023-06-05,3.1035146713256836
2023-06-06,3.10135555267334
2023-06-07,3.084515333175659
2023-06-08,3.0890491008758545
2023-06-09,3.0989809036254883
2023-06-12,3.086027145385742
2023-06-13,3.0773911476135254
2023-06-14,3.0979015827178955
2023-06-15,3.126858949661255
2023-06-16,3.11982798576355
2023-06-19,3.0881903171539307
2023-06-20,3.142237901687622
2023-06-21,3.110161066055298
2023-06-22,3.114335536956787
2023-06-23,3.1352078914642334
2023-06-26,3.1457533836364746
2023-06-27,3.121805191040039
2023-06-28,3.133230209350586
2023-06-29,3.091705799102783
2023-06-30,3.1193885803222656
2023-07-03,3.115873336791992
2023-07-04,3.1125776767730713
2023-07-05,3.0870919227600098
2023-07-06,3.028869867324829
2023-07-07,3.021839141845703
2023-07-10,3.0222785472869873
2023-07-11,3.0293092727661133
2023-07-12,3.0620453357696533
2023-07-13,3.084894895553589
2023-07-14,3.0910465717315674
2023-07-17,3.074129104614258
2023-07-18,3.099395513534546
2023-07-19,3.100933313369751
2023-07-20,3.0886294841766357
2023-07-21,3.106205940246582
2023-07-24,3.0906074047088623
2023-07-25,3.0796220302581787
2023-07-26,3.0844552516937256
2023-07-27,3.0468857288360596
2023-07-28,3.0328245162963867
2023-07-31,3.0409533977508545
2023-08-01,2.992837905883789
2023-08-02,2.9416463375091553
2023-08-03,2.894409418106079
2023-08-04,2.930001735687256
2023-08-07,2.9234108924865723
2023-08-08,2.9532909393310547
2023-08-09,2.96427583694458
2023-08-10,2.949775457382202
2023-08-11,2.910008668899536
2023-08-14,2.9130847454071045
2023-08-15,2.8948488235473633
2023-08-16,2.8845229148864746
2023-08-17,2.8447556495666504
2023-08-18,2.86277174949646
2023-08-21,2.812898635864258
2023-08-22,2.832012891769409
2023-08-23,2.8792498111724854
2023-08-24,2.8979249000549316
2023-08-25,2.8990235328674316
2023-08-29,2.9264867305755615
2023-08-30,2.930001735687256
2023-08-31,2.946699619293213
2023-09-01,2.899242877960205
2023-09-04,2.8904550075531006
2023-09-05,2.8614535331726074
2023-09-06,2.8566200733184814
2023-09-07,2.8640899658203125
2023-09-08,2.8840832710266113
2023-09-11,2.8610146045684814
2023-09-12,2.860135078430176
2023-09-13,2.8684842586517334
2023-09-14,2.857279062271118
2023-09-15,2.842339277267456
2023-09-18,2.8403615951538086
2023-09-19,2.8421194553375244
2023-09-20,2.8473927974700928
2023-09-21,2.770934581756592
2023-09-22,2.7876322269439697
2023-09-25,2.7322661876678467
2023-09-26,2.714250326156616
2023-09-27,2.7045834064483643
2023-09-28,2.678218364715576
2023-09-29,2.7072200775146484
2023-10-02,2.666574239730835
2023-10-03,2.6035187244415283
2023-10-04,2.6228528022766113
2023-10-05,2.622412919998169
2023-10-06,2.6054959297180176
2023-10-09,2.6217541694641113
2023-10-10,2.648338794708252
2023-10-11,2.69447660446167
2023-10-12,2.6571266651153564
2023-10-13,2.6698694229125977
2023-10-16,2.6333985328674316
2023-10-17,2.5995635986328125
2023-10-18,2.5661683082580566
2023-10-19,2.559577226638794
2023-10-20,2.542440414428711
2023-10-23,2.5753962993621826
2023-10-24,2.5747368335723877
2023-10-25,2.552107572555542
2023-10-26,2.5560619831085205
2023-10-27,2.5657289028167725
2023-10-30,2.552107572555542
2023-10-31,2.572539806365967
2023-11-01,2.5894575119018555
2023-11-02,2.64394474029541
2023-11-03,2.699310302734375
2023-11-06,2.653172016143799
2023-11-07,2.687446355819702
2023-11-08,2.7225992679595947
2023-11-09,2.7028255462646484
2023-11-10,2.6927192211151123
2023-11-13,2.678218364715576
2023-11-14,2.7432520389556885
2023-11-15,2.705901622772217
2023-11-16,2.730508804321289
2023-11-17,2.740175724029541
2023-11-20,2.7432520389556885
2023-11-21,2.764343500137329
2023-11-22,2.7663207054138184
2023-11-23,2.75797176361084
2023-11-24,2.7463276386260986
2023-11-27,2.7614874839782715
2023-11-28,2.785435438156128
2023-11-29,2.810481548309326
2023-11-30,2.805208444595337
2023-12-01,2.8214669227600098
2023-12-04,2.8201489448547363
2023-12-05,2.8911139965057373
2023-12-06,2.9260470867156982
2023-12-07,2.925607681274414
2023-12-08,2.8790299892425537
2023-12-11,2.878371000289917
2023-12-12,2.886939764022827
2023-12-13,2.916379928588867
2023-12-14,3.027438163757324
2023-12-15,3.044020652770996
2023-12-18,3.0193710327148438
2023-12-19,3.039090871810913
2023-12-20,3.0260937213897705
2023-12-21,3.051192045211792
2023-12-22,3.0529842376708984
2023-12-27,3.0632925033569336
2023-12-28,3.0675506591796875
2023-12-29,3.0386428833007812
2024-01-02,3.0166821479797363
2024-01-03,2.998530864715576
2024-01-04,2.9888951778411865
2024-01-05,2.9785869121551514
2024-01-08,2.9830689430236816
2024-01-09,2.9660379886627197
2024-01-10,2.9561781883239746
2024-01-11,2.939371347427368
2024-01-12,2.964693546295166
2024-01-15,2.949007272720337
2024-01-16,2.918083429336548
2024-01-17,2.9046378135681152
2024-01-18,2.879091739654541
2024-01-19,2.87460994720459
2024-01-22,2.9032931327819824
2024-01-23,2.862957239151001
2024-01-24,2.867887258529663
2024-01-25,2.879988193511963
2024-01-26,2.877747058868408
2024-01-29,2.8934335708618164
2024-01-30,2.911360740661621
2024-01-31,2.9557299613952637
2024-02-01,3.0198192596435547
2024-02-02,2.9422848224639893
2024-02-05,2.8911924362182617
2024-02-06,2.9100160598754883
2024-02-07,2.911360740661621
2024-02-08,2.8755064010620117
2024-02-09,2.879539728164673
2024-02-12,2.8723690509796143
2024-02-13,2.8486156463623047
2024-02-14,2.8450303077697754
2024-02-15,2.8548898696899414
2024-02-16,2.8394277095794678
2024-02-19,2.8324811458587646
2024-02-20,2.8566830158233643
2024-02-21,2.840548276901245
2024-02-22,2.840548276901245
2024-02-23,2.8719208240509033
2024-02-26,2.8660943508148193
2024-02-27,2.862061023712158
2024-02-28,2.8553383350372314
2024-02-29,2.889847755432129
2024-03-01,2.8950018882751465
2024-03-04,2.8876068592071533
2024-03-05,2.927046775817871
2024-03-06,2.9400439262390137
2024-03-07,2.9427330493927
2024-03-08,2.9404916763305664
2024-03-11,2.9427330493927
2024-03-12,2.915842294692993
2024-03-13,2.8988113403320312
2024-03-14,2.8602683544158936
2024-03-15,2.861612558364868
2024-03-18,2.851304769515991
2024-03-19,2.851752758026123
2024-03-20,2.8656463623046875
2024-03-21,2.8598201274871826
2024-03-22,2.886934995651245
2024-03-25,2.8719208240509033
2024-03-26,2.876178503036499
2024-03-27,2.900604248046875
2024-03-28,2.916290283203125
2024-04-02,2.8284475803375244
2024-04-03,2.819035768508911
2024-04-04,2.841444730758667
2024-04-05,2.8239660263061523
2024-04-08,2.8127613067626953
2024-04-09,2.8383076190948486
2024-04-10,2.8006608486175537
2024-04-11,2.7565150260925293
2024-04-12,2.787663221359253
2024-04-15,2.735002279281616
2024-04-16,2.7229020595550537
2024-04-17,2.7336580753326416
2024-04-18,2.7370193004608154
2024-04-19,2.745534896850586
2024-04-22,2.73926043510437
2024-04-23,2.7462069988250732
2024-04-24,2.716851234436035
2024-04-25,2.6989240646362305
2024-04-26,2.716627359390259
2024-04-29,2.7325379848480225
2024-04-30,2.7217812538146973
2024-05-01,2.7307450771331787
2024-05-02,2.7307450771331787
2024-05-03,2.7634618282318115
2024-05-07,2.8123133182525635
2024-05-08,2.788560152053833
2024-05-09,2.781836748123169
2024-05-10,2.778475761413574
2024-05-13,2.7908008098602295
2024-05-14,2.7916972637176514
2024-05-15,2.8374111652374268
2024-05-16,2.84480619430542
2024-05-17,2.825310468673706
2024-05-20,2.8085036277770996
2024-05-21,2.820828676223755
2024-05-22,2.8221731185913086
2024-05-23,2.8020052909851074
2024-05-24,2.8118648529052734
2024-05-28,2.7948343753814697
2024-05-29,2.7444143295288086
2024-05-30,2.770632743835449
2024-05-31,2.7887837886810303
2024-06-03,2.827327251434326
2024-06-04,2.853994131088257
2024-06-05,2.8808841705322266
2024-06-06,2.883125066757202
2024-06-07,2.8378591537475586
2024-06-10,2.8098480701446533
2024-06-11,2.814554214477539
2024-06-12,2.8871586322784424
2024-06-13,2.884960889816284
2024-06-14,2.921818733215332
2024-06-17,2.8867921829223633
2024-06-18,2.906938314437866
2024-06-19,2.924794912338257
2024-06-20,2.893660545349121
2024-06-21,2.894118309020996
2024-06-24,2.8986966609954834
2024-06-25,2.908540964126587
2024-06-26,2.8799245357513428
2024-06-27,2.8895394802093506
2024-06-28,2.8680202960968018
2024-07-01,2.789726734161377
2024-07-02,2.7975103855133057
2024-07-03,2.8423802852630615
2024-07-04,2.83734393119812
2024-07-05,2.8687069416046143
2024-07-08,2.8689358234405518
2024-07-09,2.850621461868286
2024-07-10,2.858863353729248
2024-07-11,2.906022787094116
2024-07-12,2.8977808952331543
2024-07-15,2.8810694217681885
2024-07-16,2.901672840118408
2024-07-17,2.911287784576416
2024-07-18,2.9106013774871826
2024-07-19,2.882213830947876
2024-07-22,2.87076735496521
2024-07-23,2.8771774768829346
2024-07-24,2.8696229457855225
2024-07-25,2.8677916526794434
2024-07-26,2.8748881816864014
2024-07-29,2.8925158977508545
2024-07-30,2.8881659507751465
2024-07-31,2.9344096183776855
2024-08-01,2.96142315864563
2024-08-02,3.031933546066284
2024-08-05,3.054826259613037
2024-08-06,3.018655300140381
2024-08-07,2.981569290161133
2024-08-08,2.955700397491455
2024-08-09,2.986605405807495
2024-08-12,2.9898107051849365
2024-08-13,3.011558771133423
2024-08-14,3.0388011932373047
2024-08-15,2.996678590774536
2024-08-16,3.0083534717559814
2024-08-19,3.0355963706970215
2024-08-20,3.0493319034576416
2024-08-21,3.0575733184814453
2024-08-22,3.0337648391723633
2024-08-23,3.0488743782043457
2024-08-27,3.0264389514923096
2024-08-28,3.039716958999634
2024-08-29,3.012474775314331
2024-08-30,3.020029067993164
2024-09-02,2.9888947010040283
2024-09-03,3.0365118980407715
2024-09-04,3.055741786956787
2024-09-05,3.07680344581604
2024-09-06,3.1246497631073
2024-09-09,3.0960335731506348
2024-09-10,3.122589349746704
2024-09-11,3.1356382369995117
2024-09-12,3.1061062812805176
2024-09-13,3.1134321689605713
2024-09-16,3.1376986503601074
2024-09-17,3.1425061225891113
2024-09-18,3.109769105911255
2024-09-19,3.07588791847229
2024-09-20,3.0660436153411865
2024-09-23,3.051621437072754
2024-09-24,3.059175968170166
2024-09-25,3.042464256286621
2024-09-26,3.036741018295288
2024-09-27,3.054368257522583
2024-09-30,3.0479583740234375
2024-10-01,3.0781772136688232
2024-10-02,3.034451484680176
2024-10-03,3.0232338905334473
2024-10-04,2.9811112880706787
2024-10-07,2.951808452606201
2024-10-08,2.949976682662964
2024-10-09,2.9479165077209473
2024-10-10,2.927083969116211
2024-10-11,2.920444965362549
2024-10-14,2.901672840118408
2024-10-15,2.94516921043396
2024-10-16,2.964170455932617
2024-10-17,2.9229631423950195
2024-10-18,2.9330363273620605
2024-10-21,2.879467010498047
2024-10-22,2.8606948852539062
2024-10-23,2.8611526489257812
2024-10-24,2.87076735496521
2024-10-25,2.8785512447357178
2024-10-28,2.848332643508911
2024-10-29,2.8318495750427246
2024-10-30,2.882213830947876
2024-10-31,2.8700804710388184
2024-11-01,2.842609167098999
2024-11-04,2.87076735496521
2024-11-05,2.860236883163452
2024-11-06,2.8066673278808594
2024-11-07,2.831162691116333
2024-11-08,2.8652732372283936
2024-11-11,2.865502119064331
2024-11-12,2.847874641418457
2024-11-13,2.8167402744293213
2024-11-14,2.82452392578125
2024-11-15,2.7952208518981934
2024-11-18,2.7938473224639893
2024-11-19,2.8199453353881836
2024-11-20,2.8242950439453125
2024-11-21,2.8151378631591797
2024-11-22,2.8151378631591797
2024-11-25,2.872140884399414
2024-11-26,2.86733341217041
2024-11-27,2.895949602127075
2024-11-28,2.9014439582824707
2024-11-29,2.913806200027466
2024-12-02,2.937614917755127
2024-12-03,2.919529438018799
2024-12-04,2.9243369102478027
2024-12-05,2.9410486221313477
2024-12-06,2.939446210861206
2024-12-09,2.9286866188049316
2024-12-10,2.904649019241333
2024-12-11,2.892744779586792
2024-12-12,2.8533878326416016
2024-12-13,2.829023838043213
2024-12-16,2.8177788257598877
2024-12-17,2.8327720165252686
2024-12-18,2.8262126445770264
2024-12-19,2.755932092666626
2024-12-20,2.777484655380249
2024-12-23,2.7519493103027344
2024-12-24,2.733442544937134
2024-12-27,2.7402358055114746
2024-12-30,2.749372720718384
2024-12-31,2.763662815093994
2025-01-02,2.744218587875366
2025-01-03,2.7392988204956055
2025-01-06,2.7236030101776123
2025-01-07,2.6903369426727295
2025-01-08,2.6849489212036133
2025-01-09,2.7008790969848633
2025-01-10,2.6755778789520264
2025-01-13,2.667847156524658
2025-01-14,2.663396120071411
2025-01-15,2.7086098194122314
2025-01-16,2.718449115753174
2025-01-17,2.7231342792510986
2025-01-20,2.730865478515625
2025-01-21,2.7484357357025146
2025-01-22,2.7383620738983154
2025-01-23,2.7179806232452393
2025-01-24,2.7212605476379395
2025-01-27,2.7566349506378174
2025-01-28,2.7449214458465576
2025-01-29,2.7587435245513916
2025-01-30,2.7596802711486816
2025-01-31,2.767177104949951
2025-02-03,2.774204969406128
2025-02-04,2.765302896499634
2025-02-05,2.814030408859253
2025-02-06,2.8121564388275146
2025-02-07,2.7962262630462646
2025-02-10,2.799271821975708
2025-02-11,2.7779533863067627
2025-02-12,2.734144926071167
2025-02-13,2.7737364768981934
2025-02-14,2.809345006942749
2025-02-17,2.7894325256347656
2025-02-18,2.7767817974090576
2025-02-19,2.76389741897583
2025-02-20,2.778890371322632
2025-02-21,2.798334836959839
2025-02-24,2.80840802192688
2025-02-25,2.8571360111236572
2025-02-26,2.867443561553955
2025-02-27,2.866741180419922
2025-02-28,2.8777518272399902
2025-03-03,2.899772882461548
2025-03-04,2.8978986740112305
2025-03-05,2.867677927017212
2025-03-06,2.826680898666382
2025-03-07,2.8566672801971436
2025-03-10,2.8646323680877686
2025-03-11,2.850576639175415
2025-03-12,2.8304293155670166
2025-03-13,2.835583448410034
2025-03-14,2.841674327850342
2025-03-17,2.8622899055480957
2025-03-18,2.8374574184417725
2025-03-19,2.850576639175415
2025-03-20,2.8758773803710938
2025-03-21,2.8487021923065186
2025-03-24,2.8273839950561523
2025-03-25,2.825744152069092
2025-03-26,2.8041913509368896
2025-03-27,2.791072368621826
2025-03-28,2.828789472579956
2025-03-31,2.8491709232330322
2025-04-01,2.8805625438690186
2025-04-02,2.881499767303467
2025-04-03,2.9021153450012207
2025-04-04,2.955528736114502
2025-04-07,2.878220319747925
2025-04-08,2.831366539001465
2025-04-09,2.7266485691070557
2025-04-10,2.745624303817749
2025-04-11,2.695490837097168
2025-04-14,2.7540578842163086
2025-04-15,2.7610859870910645
2025-04-16,2.7699882984161377
2025-04-17,2.7643656730651855
2025-04-22,2.725008726119995
2025-04-23,2.772799491882324
2025-04-24,2.768582582473755
2025-04-25,2.7950546741485596
2025-04-28,2.806299924850464
2025-04-29,2.832303524017334
2025-04-30,2.822932720184326
2025-05-01,2.797163248062134
2025-05-02,2.7779533863067627
2025-05-06,2.7451558113098145
2025-05-07,2.78076434135437
2025-05-08,2.773267984390259
2025-05-09,2.753355026245117
2025-05-12,2.729694128036499
2025-05-13,2.710484027862549
2025-05-14,2.7029874324798584
2025-05-15,2.710484027862549
2025-05-16,2.7266485691070557
2025-05-19,2.698770761489868
2025-05-20,2.6983017921447754
2025-05-21,2.677920341491699
2025-05-22,2.651916980743408
2025-05-23,2.6594135761260986
2025-05-27,2.696428060531616
2025-05-28,2.686354398727417
2025-05-29,2.711655378341675
2025-05-30,2.716106653213501
2025-06-02,2.6833090782165527
2025-06-03,2.698770761489868
2025-06-04,2.7292253971099854
2025-06-05,2.7301626205444336
2025-06-06,2.7142324447631836
2025-06-09,2.7048614025115967
2025-06-10,2.709078311920166
2025-06-11,2.719386339187622
2025-06-12,2.744330406188965
2025-06-13,2.723782539367676
2025-06-16,2.723304510116577
2025-06-17,2.7199594974517822
2025-06-18,2.750542402267456
2025-06-19,2.735250949859619
2025-06-20,2.72784423828125
2025-06-23,2.7553210258483887
2025-06-24,2.756276845932007
2025-06-25,2.748631000518799
2025-06-26,2.760338544845581
2025-06-27,2.7739572525024414
2025-06-30,2.7720460891723633
2025-07-01,2.7827978134155273
2025-07-02,2.7644002437591553
2025-07-03,2.762488842010498
2025-07-04,2.752692699432373
2025-07-07,2.731905937194824
2025-07-08,2.71494197845459
2025-07-09,2.7338175773620605
2025-07-10,2.7476751804351807
2025-07-11,2.723782539367676
2025-07-14,2.701801061630249
2025-07-15,2.6884210109710693
2025-07-16,2.6673951148986816
2025-07-17,2.7015621662139893
2025-07-18,2.6960668563842773
2025-07-21,2.730950355529785
2025-07-22,2.7412242889404297
2025-07-23,2.72139310836792
2025-07-24,2.7261717319488525
2025-07-25,2.7175703048706055
2025-07-28,2.7163755893707275
2025-07-29,2.751497983932495
2025-07-30,2.7395517826080322
2025-07-31,2.7620110511779785
2025-08-01,2.784231185913086
2025-08-04,2.7902047634124756
2025-08-05,2.8031065464019775
2025-08-06,2.785426139831543
2025-08-07,2.7945053577423096
2025-08-08,2.7639222145080566
2025-08-11,2.7746741771698
2025-08-12,2.747197389602661
2025-08-13,2.7773022651672363
2025-08-14,2.762249708175659
2025-08-15,2.7467195987701416
2025-08-18,2.726649522781372
2025-08-19,2.7433745861053467
2025-08-20,2.7491087913513184
2025-08-21,2.7323837280273438
2025-08-22,2.762249708175659
2025-08-26,2.7395517826080322
2025-08-27,2.735250949859619
2025-08-28,2.7586660385131836
2025-08-29,2.738595962524414
2025-09-01,2.729994535446167
2025-09-02,2.7197206020355225
2025-09-03,2.7512593269348145
2025-09-04,2.7610552310943604
2025-09-05,2.8117079734802246
2025-09-08,2.8422908782958984
2025-09-09,2.8336894512176514
2025-09-10,2.8413352966308594
2025-09-11,2.8606882095336914
2025-09-12,2.842768669128418
2025-09-15,2.8692896366119385
2025-09-16,2.8628387451171875
2025-09-17,2.874307155609131
2025-09-18,2.8303444385528564
2025-09-19,2.8236544132232666
2025-09-22,2.8126637935638428
2025-09-23,2.819831609725952
2025-09-24,2.8293888568878174
2025-09-25,2.8097965717315674
2025-09-26,2.8260438442230225
2025-09-29,2.846113681793213
2025-09-30,2.8434855937957764
2025-10-01,2.838228940963745
2025-10-02,2.851370096206665
2025-10-03,2.845158100128174
2025-10-06,2.8293888568878174
2025-10-07,2.836317777633667
2025-10-08,2.8508923053741455
2025-10-09,2.840379476547241
2025-10-10,2.8757407665252686
2025-10-13,2.8585379123687744
2025-10-14,2.880519390106201
2025-10-15,2.9058456420898438
2025-10-16,2.8910324573516846
2025-10-17,2.9039342403411865
2025-10-20,2.9082350730895996
2025-10-21,2.9268715381622314
2025-10-22,2.9244821071624756
2025-10-23,2.9115800857543945
2025-10-24,2.9071836471557617
2025-10-27,2.9134914875030518
2025-10-28,2.9216148853302
2025-10-29,2.9180312156677246
2025-10-30,2.8843421936035156
2025-10-31,2.8728737831115723
2025-11-03,2.8561489582061768
2025-11-04,2.871918201446533
2025-11-05,2.840379476547241
2025-11-06,2.864272356033325
2025-11-07,2.8647499084472656
2025-11-10,2.8544762134552
2025-11-11,2.8671395778656006
2025-11-12,2.8747849464416504
2025-11-13,2.8647499084472656
2025-11-14,2.8408572673797607
2025-11-17,2.8432464599609375
2025-11-18,2.837512493133545
2025-11-19,2.841813087463379
2025-11-20,2.847069501876831
2025-11-21,2.848025321960449
2025-11-24,2.862360715866089
2025-11-25,2.8857758045196533
2025-11-26,2.8788468837738037
2025-11-27,2.886014938354492
2025-11-28,2.8714399337768555
2025-12-01,2.837512493133545
2025-12-02,2.8389458656311035
2025-12-03,2.840379476547241
2025-12-04,2.8303444385528564
2025-12-05,2.8174421787261963
2025-12-08,2.8021509647369385
2025-12-09,2.8126637935638428
2025-12-10,2.8203094005584717
2025-12-11,2.8292975425720215
2025-12-12,2.7843570709228516
2025-12-15,2.8019425868988037
2025-12-16,2.8019425868988037
2025-12-17,2.803407907485962
2025-12-18,2.8195278644561768
2025-12-19,2.809269666671753
2025-12-22,2.803652286529541
2025-12-23,2.8068273067474365
2025-12-24,2.8075599670410156
2025-12-29,2.8192837238311768
2025-12-30,2.820504903793335
2025-12-31,2.825878143310547
2026-01-02,2.792172908782959
2026-01-05,2.79803466796875
2026-01-06,2.786799430847168
2026-01-07,2.8170855045318604
2026-01-08,2.797057628631592
2026-01-09,2.809269666671753
2026-01-12,2.80438494682312
2026-01-13,2.804873466491699
2026-01-14,2.831251621246338
2026-01-15,2.8346707820892334
2026-01-16,2.8180625438690186
2026-01-19,2.792661190032959
2026-01-20,2.7799606323242188
2026-01-21,2.7843570709228516
2026-01-22,2.7955923080444336
2026-01-23,2.808292865753174
2026-01-26,2.8249011039733887
2026-01-27,2.8195278644561768
2026-01-28,2.799499988555908
2026-01-29,2.79803466796875
2026-01-30,2.792661190032959
2026-02-02,2.7838685512542725
2026-02-03,2.7799606323242188
2026-02-04,2.780449151992798
2026-02-05,2.802919387817383
2026-02-06,2.8014540672302246
2026-02-09,2.803407907485962
2026-02-10,2.8395557403564453
2026-02-11,2.833205461502075
2026-02-12,2.8527448177337646
2026-02-13,2.882053852081299
2026-02-16,2.8849847316741943
2026-02-17,2.88767147064209
2026-02-18,2.883030652999878
2026-02-19,2.8742380142211914
2026-02-20,2.8678877353668213
2026-02-23,2.8857173919677734
2026-02-24,2.8869385719299316
2026-02-25,2.8869385719299316
2026-02-26,2.89402174949646
2026-02-27,2.916247606277466
2026-03-02,2.8852288722991943
2026-03-03,2.878145933151245
2026-03-04,2.877657413482666
2026-03-05,2.8561642169952393
2026-03-06,2.844440460205078
2026-03-09,2.8634915351867676
2026-03-10,2.8630030155181885
2026-03-11,2.814154624938965
2026-03-12,2.7999885082244873
2026-03-13,2.781425952911377
2026-03-16,2.7965691089630127
2026-03-17,2.8170855045318604
2026-03-18,2.808781147003174
2026-03-19,2.820504903793335
2026-03-20,2.7677485942840576
2026-03-23,2.7672600746154785
2026-03-24,2.769214153289795
2026-03-25,2.79168438911438
2026-03-26,2.770435333251953
2026-03-27,2.762863874435425
2026-03-30,2.787776470184326
2026-03-31,2.787287950515747
2026-04-01,2.7965691089630127
2026-04-02,2.798523187637329
2026-04-07,2.781914710998535
2026-04-08,2.808292865753174
2026-04-09,2.7965691089630127
2026-04-10,2.793394088745117
2026-04-13,2.7850897312164307
2026-04-14,2.8063387870788574
2026-04-15,2.797546148300171
2026-04-16,2.79168438911438
2026-04-17,2.808292865753174
2026-04-20,2.8024308681488037
2026-04-21,2.793638229370117
2026-04-22,2.8019425868988037
2026-04-23,2.802919387817383
2026-04-24,2.7887535095214844
2026-04-27,2.7824032306671143
2026-04-28,2.775564432144165
2026-04-29,2.7657947540283203
2026-04-30,2.762863874435425
2026-05-01,2.770679473876953
2026-05-05,2.758467435836792
2026-05-06,2.7828917503356934
2026-05-07,2.7789838314056396
2026-05-08,2.7828917503356934
2026-05-11,2.7731220722198486
2026-05-12,2.751873016357422
2026-05-13,2.7384395599365234
2026-05-14,2.7565135955810547
2026-05-15,2.706688165664673
2026-05-18,2.70180344581604
2026-05-19,2.678844690322876
2026-05-20,2.7105958461761475
2026-05-21,2.7003378868103027
2026-05-22,2.7223196029663086
2026-05-26,2.7501633167266846
2026-05-27,2.75944447517395
2026-05-28,2.765550374984741
2026-05-29,2.776052951812744
2026-06-01,2.757978916168213
2026-06-02,2.7789838314056396
2026-06-03,2.763352394104004
2026-06-04,2.7775182723999023
2026-06-05,2.758955717086792
2026-06-08,2.7516286373138428
2026-06-09,2.7496747970581055
2026-06-10,2.7623753547668457
2026-06-11,2.7670159339904785
2026-06-12,2.776052951812744
2026-06-15,2.781914710998535
2026-06-16,2.7907073497772217
2026-06-17,2.799499988555908
2026-06-18,2.819999933242798
2026-06-19,2.7929999828338623
2026-06-22,2.7915000915527344
2026-06-23,2.7985000610351562
2026-06-24,2.8329999446868896
2026-06-25,2.8359999656677246
2026-06-26,2.8304998874664307
2026-06-29,2.831249952316284
2026-06-30,2.822499990463257
2026-07-01,2.7869999408721924
2026-07-02,2.7885000705718994
2026-07-03,2.7769999504089355
2026-07-06,2.7730000019073486
2026-07-07,2.760499954223633
2026-07-08,2.736999988555908
2026-07-09,2.746000051498413
2026-07-10,2.751499891281128
2026-07-13,2.734499931335449
2026-07-14,2.740499973297119
2026-07-15,2.743499994277954
2026-07-16,2.7309999465942383
2026-07-17,2.7517499923706055
2026-07-20,2.7309999465942383
2026-07-21,2.7214999198913574
2026-07-22,2.7160000801086426
2026-07-23,2.697000026702881
2026-07-24,2.716749906539917
2026-07-27,2.720249891281128
2026-07-28,2.734999895095825
2026-07-29,2.7265000343322754
2026-07-30,2.686000108718872
2026-07-31,2.6670000553131104
2026-08-03,2.680999994277954
2026-08-04,2.697000026702881
2026-08-05,2.7060000896453857
2026-08-06,2.696000099182129
2026-08-07,2.6932499408721924
2026-08-10,2.68149995803833
2026-08-11,2.683000087738037
2026-08-12,2.682499885559082
2026-08-13,2.69350004196167
2026-08-14,2.6705000400543213
2026-08-17,2.6640000343322754
2026-08-18,2.6584999561309814
2026-08-19,2.698499917984009
2026-08-20,2.677999973297119
2026-08-21,2.6762499809265137
2026-08-24,2.69350004196167
2026-08-25,2.7155001163482666
2026-08-26,2.712249994277954
