month,ECB_DFR,US_TREASURY_10Y,BRENT_RETURN,BIS_USD_CREDIT_YOY,US_CPI_YOY
2006-06-30,1.75,5.1042857142857141,-0.031748048017095278,10.345000000000001,4.1666666666666741
2006-07-31,1.75,5.0926315789473691,0.070358330774675376,13.736000000000001,4.3187660668380534
2006-08-31,2,4.8827272727272728,0.010742526235230686,13.736000000000001,4.1453428863869046
2006-09-30,2,4.7231578947368416,-0.15113136023861004,13.736000000000001,3.8187372708757605
2006-10-31,2.25,4.7350000000000003,-0.069039664487947836,15.047000000000001,2.0623742454728422
2006-11-30,2.25,4.6020000000000003,0.0010789606967239369,15.047000000000001,1.3052208835341306
2006-12-31,2.5,4.5568421052631578,0.069550957203036029,15.047000000000001,1.9736842105263053
2007-01-31,2.5,4.7560000000000002,-0.16156675964216227,14.430999999999999,2.5406504065040636
2007-02-28,2.5,4.7316666666666665,0.055651482002542045,14.430999999999999,2.0756429652042385
2007-03-31,2.75,4.5604761904761899,0.055821415339229845,14.430999999999999,2.4151987921489759
2007-04-30,2.75,4.6970000000000001,0.083999850421244554,19.34,2.7787787787787899
2007-05-31,2.75,4.7390476190476187,-0.0098647284506440149,19.34,2.5736972704714534
2007-06-30,3,5.1064999999999996,0.052329710938927916,19.34,2.6908641975308623
2007-07-31,3,5.0155000000000003,0.081601391817006458,19.167999999999999,2.6870379497289321
2007-08-31,3,4.6809090909090907,-0.082754470787085629,19.167999999999999,2.3582309582309557
2007-09-30,3,4.517777777777777,0.082214652251065112,19.167999999999999,1.9700833742030355
2007-10-31,3,4.5299999999999994,0.045718972716727535,24.361000000000001,2.755051749630355
2007-11-30,3,4.1578947368421053,0.11628405832626248,24.361000000000001,3.5361744301288356
2007-12-31,3,4.1005263157894731,-0.024841289394268082,24.361000000000001,4.3062034739454136
2008-01-31,3,3.7479999999999998,0.015354479864133935,24.234999999999999,4.0812685827551931
2008-02-29,3,3.7484210526315791,0.015478785472161551,24.234999999999999,4.2802940479013563
2008-03-31,3,3.513157894736842,0.091341785217656388,24.234999999999999,4.0265554130487047
2008-04-30,3,3.6704761904761902,0.036567135737626009,19.765999999999998,3.981456231251701
2008-05-31,3,3.871,0.10704488853888411,19.765999999999998,3.9368897748275122
2008-06-30,3,4.1049999999999995,0.065240697902948508,19.765999999999998,4.17554304180352
2008-07-31,3.25,4.0085714285714289,0.020948167721008111,18.257000000000001,5.0217900476117405
2008-08-31,3.25,3.8884999999999996,-0.15637555124277078,18.257000000000001,5.6001229002539565
2008-09-30,3.25,3.6779999999999999,-0.15674341049328411,18.257000000000001,5.3718551152623473
2008-10-31,3.25,3.804761904761905,-0.26460059752719656,13.318,4.9369274305722133
2008-11-30,2.75,3.5617647058823527,-0.29120180524845241,13.318,3.655186277137501
2008-12-31,2,2.4242857142857144,-0.24376722264552322,13.318,1.0695746918073734
2009-01-31,1,2.498947368421053,0.07793646994331975,11.673999999999999,0.091412900645604367
2009-02-28,1,2.8616666666666664,0.0026881405546241438,11.673999999999999,0.02984650369528552
2009-03-31,0.5,2.8247619047619046,0.050345109955512383,11.673999999999999,0.2361910880378737
2009-04-30,0.25,2.9155000000000002,0.078800817947374674,1.5589999999999999,-0.38355625491738321
2009-05-31,0.25,3.283684210526316,0.11111359906602963,1.5589999999999999,-0.73688571521671742
2009-06-30,0.25,3.7309523809523806,0.17991398192315697,1.5589999999999999,-1.2814357989586078
2009-07-31,0.25,3.5642857142857141,-0.081959849130664925,-2.1930000000000001,-1.4267760436898702
2009-08-31,0.25,3.5965000000000003,0.12337317932146273,-2.1930000000000001,-2.097161353676058
2009-09-30,0.25,3.4064999999999999,-0.057692541431468389,-2.1930000000000001,-1.4843486119605953
2009-10-31,0.25,3.3865000000000003,0.059585242548731161,-3.855,-1.2862059666427506
2009-11-30,0.25,3.4133333333333331,0.052889333787670502,-3.855,-0.18284827748611399
2009-12-31,0.25,3.5776190476190473,-0.037392708383533403,-3.855,1.8382958691302909
2010-01-31,0.25,3.7388888888888889,0.042614447613343216,-3.3439999999999999,2.7213311262058282
2010-02-28,0.25,3.6955555555555555,-0.044275707922729307,-3.3439999999999999,2.6257086429576137
2010-03-31,0.25,3.7222727272727272,0.064997145053159289,-3.3439999999999999,2.1433317781453631
2010-04-30,0.25,3.8542857142857141,0.068943505393091437,5.0439999999999996,2.3139594469439473
2010-05-31,0.25,3.4257894736842105,-0.094605904994260553,5.0439999999999996,2.2364471956481058
2010-06-30,0.25,3.215238095238095,-0.018388139417370278,5.0439999999999996,2.0209860840939786
2010-07-31,0.25,3.0149999999999997,0.0040259572022542864,6.0830000000000002,1.053348972845658
2010-08-31,0.25,2.7095238095238097,0.029184092612556736,6.0830000000000002,1.2351927783014638
2010-09-30,0.25,2.6535000000000002,0.0055638296224399071,6.0830000000000002,1.1481045618391805
2010-10-31,0.25,2.5352631578947369,0.061706117680474425,4.7279999999999998,1.1436826581592729
2010-11-30,0.25,2.7605263157894737,0.030994783890642984,4.7279999999999998,1.1721876055269531
2010-12-31,0.25,3.2904761904761903,0.064321412183277693,4.7279999999999998,1.1431609115702956
2011-01-31,0.25,3.392631578947368,0.05216753870835264,8.1980000000000004,1.4957235273143299
2011-02-28,0.25,3.585,0.047008707926670348,8.1980000000000004,1.631846857448771
2011-03-31,0.25,3.4118181818181821,0.097230316045077675,8.1980000000000004,2.1075846286581656
2011-04-30,0.5,3.4621052631578948,0.069044717499989416,9.1720000000000006,2.6816032642408505
2011-05-31,0.5,3.1745000000000001,-0.07027082320298085,9.1720000000000006,3.1636308592764451
2011-06-30,0.5,2.9938095238095235,0.0047900869348812122,9.1720000000000006,3.5686457846345609
2011-07-31,0.75,3.0126315789473685,0.025146649758235707,11.324999999999999,3.5588282522423409
2011-08-31,0.75,2.3063636363636366,-0.067261581333149412,11.324999999999999,3.6287159822210757
2011-09-30,0.75,1.9780000000000002,0.037581885080989454,11.324999999999999,3.7712081791198004
2011-10-31,0.75,2.1510526315789473,-0.032780749258220492,14.75,3.8683568410402991
2011-11-30,0.5,2.0099999999999998,0.013784863200724584,14.75,3.5251999213574026
2011-12-31,0.25,1.9824999999999999,-0.025912314601649441,14.75,3.3943775908008567
2012-01-31,0.25,1.9736842105263157,0.028694859205853056,11.659000000000001,2.9624188448710953
2012-02-29,0.25,1.9668421052631577,0.060824070976070843,11.659000000000001,2.9252167121508688
2012-03-31,0.25,2.1699999999999999,0.052381406032624284,11.659000000000001,2.8710987804382082
2012-04-30,0.25,2.0579999999999998,-0.046233578398811967,8.2569999999999997,2.6513981930217811
2012-05-31,0.25,1.8133333333333332,-0.069422437859097269,8.2569999999999997,2.3027398112989372
2012-06-30,0.25,1.6199999999999999,-0.13522457322746234,8.2569999999999997,1.7042537749375919
2012-07-31,0,1.5275000000000001,0.067679624342061248,7.4370000000000003,1.6639937622385137
2012-08-31,0,1.6831818181818183,0.10033838986159462,7.4370000000000003,1.4084507042253502
2012-09-30,0,1.7272222222222222,0.0035568900004561885,7.4370000000000003,1.692378997550148
2012-10-31,0,1.7475000000000001,-0.0036276144620179169,6.2270000000000003,1.9912820806649911
2012-11-30,0,1.6557894736842105,-0.026201640485064508,6.2270000000000003,2.1623435988711304
2012-12-31,0,1.7157894736842105,0.0019081938275393457,6.2270000000000003,1.7641338460858469
2013-01-31,0,1.9095,0.026066284586973059,6.149,1.7410223687475579
2013-02-28,0,1.9894444444444446,0.035915196410650642,6.149,1.5948646681225531
2013-03-31,0,1.9575,-0.065692646962522763,6.149,1.9779235097490577
2013-04-30,0,1.7619047619047619,-0.057893827585428596,10.164999999999999,1.4738962125967703
2013-05-31,0,1.917142857142857,0.004171057608664438,10.164999999999999,1.0630853814894481
2013-06-30,0,2.2884210526315791,0.0083185454075468818,10.164999999999999,1.3619650588516885
2013-07-31,0,2.5814285714285714,0.047857247069200429,11.398999999999999,1.7544165453768912
2013-08-31,0,2.735238095238095,0.019812580044885987,11.398999999999999,1.9606816118443948
2013-09-30,0,2.8184210526315789,0.011568994865030548,11.398999999999999,1.5183675595431767
2013-10-31,0,2.618095238095238,-0.019071688769065134,11.281000000000001,1.184925261552161
2013-11-30,0,2.7166666666666668,-0.020050619187778139,11.281000000000001,0.96361270464340176
2013-12-31,0,2.895,0.026545999828206178,11.281000000000001,1.2370722045339066
2014-01-31,0,2.8675000000000002,-0.026065312573840337,10.093999999999999,1.5017356196183718
2014-02-28,0,2.7122222222222221,0.006323458741057243,10.093999999999999,1.5789473684210575
2014-03-31,0,2.7229999999999999,-0.010029661585057704,10.093999999999999,1.1263492501055294
2014-04-30,0,2.7069999999999999,-0.0022093636624936569,8.0570000000000004,1.5122028757630801
2014-05-31,0,2.5629999999999997,0.01620187059541987,8.0570000000000004,1.9528578985167577
2014-06-30,-0.10000000000000001,2.6019999999999999,0.018225057372794562,8.0570000000000004,2.1271115499366777
2014-07-31,-0.10000000000000001,2.5404761904761903,-0.044984271995974615,7.4690000000000003,2.0723413731670526
2014-08-31,-0.10000000000000001,2.4234999999999998,-0.046576021128007343,7.4690000000000003,1.9923286357643066
2014-09-30,-0.20000000000000001,2.5350000000000001,-0.038876264873802698,7.4690000000000003,1.6996113341628316
2014-10-31,-0.20000000000000001,2.3019047619047619,-0.09895411231674392,7.4409999999999998,1.657918675715031
2014-11-30,-0.20000000000000001,2.3341176470588234,-0.086426519537607979,7.4409999999999998,1.664340215632043
2014-12-31,-0.20000000000000001,2.2090476190476189,-0.22313103655876068,7.4409999999999998,1.3223551823708934
2015-01-31,-0.20000000000000001,1.892105263157895,-0.25942108509980194,8.5899999999999999,0.7564932696557447
2015-02-28,-0.20000000000000001,1.973888888888889,0.18124964241652808,8.5899999999999999,-0.089348313069648189
2015-03-31,-0.20000000000000001,2.0476190476190474,-0.034470179976241223,8.5899999999999999,-0.025129801815304553
2015-04-30,-0.20000000000000001,1.9295238095238094,0.043273033880415895,7.8970000000000002,-0.073637390866421182
2015-05-31,-0.20000000000000001,2.2015789473684211,0.083396128717479687,7.8970000000000002,-0.19951744617668909
2015-06-30,-0.20000000000000001,2.3642857142857143,-0.035618021050371519,7.8970000000000002,-0.039932744850779134
2015-07-31,-0.20000000000000001,2.3304761904761904,-0.071509351679889685,7.4660000000000002,0.12377120368545214
2015-08-31,-0.20000000000000001,2.165,-0.18218992683536253,7.4660000000000002,0.1695697796432416
2015-09-30,-0.20000000000000001,2.1785000000000001,0.027078496946049808,7.4660000000000002,0.19507929300572879
2015-10-31,-0.20000000000000001,2.0655000000000001,0.024543242418454271,7.9470000000000001,-0.036129747805957457
2015-11-30,-0.20000000000000001,2.266111111111111,-0.085571721507923276,7.9470000000000001,0.17057443573555986
2015-12-31,-0.29999999999999999,2.2414285714285715,-0.14403507749928368,7.9470000000000001,0.5017975786678841
2016-01-31,-0.29999999999999999,2.0933333333333333,-0.22493317258975873,6.0529999999999999,0.72951978604161027
2016-02-29,-0.29999999999999999,1.7815789473684212,0.032532876941263035,6.0529999999999999,1.3730868138309926
2016-03-31,-0.40000000000000002,1.8942857142857144,0.17789469616566891,6.0529999999999999,1.0177997801654737
2016-04-30,-0.40000000000000002,1.8039999999999998,0.062704229936048586,3.8639999999999999,0.85253622114271899
2016-05-31,-0.40000000000000002,1.8045000000000002,0.10457982670148162,3.8639999999999999,1.1251104188944261
2016-06-30,-0.40000000000000002,1.6514285714285715,0.03986752877260407,3.8639999999999999,1.0193225541935691
2016-07-31,-0.40000000000000002,1.5063157894736843,-0.054158950973916514,2.3740000000000001,0.99732649452308753
2016-08-31,-0.40000000000000002,1.5554545454545454,0.00099527780699593961,2.3740000000000001,0.82713887049872259
2016-09-30,-0.40000000000000002,1.6320000000000001,0.014570346546224668,2.3740000000000001,1.0628745027610353
2016-10-31,-0.40000000000000002,1.7605263157894739,0.069614125887833375,2.597,1.4637836474815646
2016-11-30,-0.40000000000000002,2.1299999999999999,-0.1142057693303199,2.597,1.6359875209176034
2016-12-31,-0.40000000000000002,2.4940000000000002,0.16987785525903931,2.597,1.6925371625037933
2017-01-31,-0.40000000000000002,2.4315789473684211,0.021026345448974682,4.234,2.074622132966919
2017-02-28,-0.40000000000000002,2.4222222222222225,0.0064774793942013022,4.234,2.5000422090529995
2017-03-31,-0.40000000000000002,2.4854545454545454,-0.060252342993775111,4.234,2.7379581714892964
2017-04-30,-0.40000000000000002,2.2977777777777777,0.032518115752225976,5.1219999999999999,2.3806124334402767
2017-05-31,-0.40000000000000002,2.308095238095238,-0.042771519658424607,5.1219999999999999,2.1996898784172991
2017-06-30,-0.40000000000000002,2.1809523809523808,-0.080611746178840232,5.1219999999999999,1.8748777208413614
2017-07-31,-0.40000000000000002,2.3189473684210529,0.029522635325512501,5.8849999999999998,1.633487955256463
2017-08-31,-0.40000000000000002,2.2131818181818179,0.062851892565519291,5.8849999999999998,1.727978456372492
2017-09-30,-0.40000000000000002,2.195263157894737,0.067976686548933477,5.8849999999999998,1.9389742120581754
2017-10-31,-0.40000000000000002,2.359,0.011686573388641158,5.0369999999999999,2.2329638650032235
2017-11-30,-0.40000000000000002,2.3500000000000001,0.082823611490765572,5.0369999999999999,2.0411287019761692
2017-12-31,-0.40000000000000002,2.4026315789473682,0.019847605898842803,5.0369999999999999,2.2025829386831841
2018-01-31,-0.40000000000000002,2.577,0.070739138769590093,5.2679999999999998,2.1090824745684023
2018-02-28,-0.40000000000000002,2.8583333333333334,-0.064372946608345777,5.2679999999999998,2.0705076202751638
2018-03-31,-0.40000000000000002,2.8423809523809522,0.0012262858692430861,5.2679999999999998,2.2117954212386604
2018-04-30,-0.40000000000000002,2.8649999999999998,0.073551680834656352,6.5730000000000004,2.3597114039729084
2018-05-31,-0.40000000000000002,2.9847619047619047,0.068742119842629429,6.5730000000000004,2.4627439433348108
2018-06-30,-0.40000000000000002,2.9155000000000002,-0.037469580993316619,6.5730000000000004,2.8010117148075553
2018-07-31,-0.40000000000000002,2.8855,-0.0027399384407308909,6.1139999999999999,2.8715478353166901
2018-08-31,-0.40000000000000002,2.8904545454545456,-0.037197311190002941,6.1139999999999999,2.9495150866471143
2018-09-30,-0.40000000000000002,3.0016666666666669,0.071526680729712994,6.1139999999999999,2.6991801041874597
2018-10-31,-0.40000000000000002,3.1523809523809527,0.04200689432457333,5.6550000000000002,2.2769721941989784
2018-11-30,-0.40000000000000002,3.1226315789473684,-0.19701649339216226,5.6550000000000002,2.5224699286070518
2018-12-31,-0.40000000000000002,2.8405555555555555,-0.10650572444276382,5.6550000000000002,2.1766010321524032
2019-01-31,-0.40000000000000002,2.718,0.025633603720390873,3.7229999999999999,1.9101588486313714
2019-02-28,-0.40000000000000002,2.6733333333333333,0.067309141743539927,3.7229999999999999,1.5512351381991252
2019-03-31,-0.40000000000000002,2.5789999999999997,0.028230645142733539,3.7229999999999999,1.5201352659333089
2019-04-30,-0.40000000000000002,2.5335000000000001,0.068221645887036178,3.7240000000000002,1.8625227405691724
2019-05-31,-0.40000000000000002,2.407142857142857,0.0074824651847526643,3.7240000000000002,1.9964397755302343
2019-06-30,-0.40000000000000002,2.0778947368421052,-0.11677716181669211,3.7240000000000002,1.7902284687663972
2019-07-31,-0.40000000000000002,2.0609523809523811,-0.00057890277478162759,3.4079999999999999,1.6484846560762545
2019-08-31,-0.40000000000000002,1.6323809523809525,-0.083286784531177507,3.4079999999999999,1.8114648063934924
2019-09-30,-0.5,1.7005263157894739,0.064164282097689609,3.4079999999999999,1.7497798894291483
2019-10-31,-0.5,1.7076190476190476,-0.054982365095758545,3.4470000000000001,1.7113045131695204
2019-11-30,-0.5,1.8138888888888889,0.049359062763763874,3.4470000000000001,1.7640429444213845
2019-12-31,-0.5,1.8600000000000001,0.056723902589191917,3.4470000000000001,2.0512779818916194
2020-01-31,-0.5,1.77,-0.031425639136539424,4.9560000000000004,2.2851297401217163
2020-02-29,-0.5,1.5249999999999999,-0.12479082102872198,4.9560000000000004,2.4865719552504384
2020-03-31,-0.5,0.87809523809523815,-0.45774407986802346,4.9560000000000004,2.3348735639459495
2020-04-30,-0.5,0.65849999999999997,-0.52179233495902455,4.3970000000000002,1.5393269919198094
2020-05-31,-0.5,0.6752631578947369,0.42906203584072505,4.3970000000000002,0.329096686336805
2020-06-30,-0.5,0.73190476190476184,0.30874816018959561,4.3970000000000002,0.11792637021070806
2020-07-31,-0.5,0.62714285714285711,0.071405245620495494,6.7619999999999996,0.64573304755546346
2020-08-31,-0.5,0.64649999999999996,0.029880058441439667,6.7619999999999996,0.98608182530370847
2020-09-30,-0.5,0.67900000000000005,-0.089159605527919364,6.7619999999999996,1.3096453823306931
2020-10-31,-0.5,0.78249999999999997,-0.0011830393192043508,5.9669999999999996,1.3713248610564666
2020-11-30,-0.5,0.87166666666666659,0.029930591933408444,5.9669999999999996,1.1820661677274913
2020-12-31,-0.5,0.93380952380952376,0.15419529480005056,5.9669999999999996,1.1745357842679827
2021-01-31,-0.5,1.0794444444444444,0.088858289513393834,4.702,1.3620054947193205
2021-02-28,-0.5,1.2477777777777779,0.10901250917625195,4.702,1.3997697415601085
2021-03-31,-0.5,1.6050000000000002,0.058567104171379288,4.702,1.6762152173744882
2021-04-30,-0.5,1.6342857142857143,-0.020428415477827568,4.9299999999999997,2.6197625089591892
2021-05-31,-0.5,1.6231578947368421,0.053606228836806512,4.9299999999999997,4.1596948387021326
2021-06-30,-0.5,1.5223809523809524,0.054312486866365701,4.9299999999999997,4.9927065375944935
2021-07-31,-0.5,1.3225,0.024689252208444794,3.6930000000000001,5.3914514133213354
2021-08-31,-0.5,1.2823809523809524,-0.064969912021196966,3.6930000000000001,5.3654752393854199
2021-09-30,-0.5,1.3675000000000002,0.03738062317978693,3.6930000000000001,5.2512715548749922
2021-10-31,-0.5,1.5842105263157895,0.112492005432671,4.8849999999999998,5.3903488550791412
2021-11-30,-0.5,1.5663157894736843,-0.012782578407375379,4.8849999999999998,6.2218689033288754
2021-12-31,-0.5,1.4623809523809523,-0.097705259029484584,4.8849999999999998,6.8090028398064772
2022-01-31,-0.5,1.7626315789473685,0.13729927192159475,6.2089999999999996,7.0364028655451216
2022-02-28,-0.5,1.9400000000000002,0.10527452762750553,6.2089999999999996,7.4798724682890949
2022-03-31,-0.5,2.1190909090909091,0.1945504661926245,6.2089999999999996,7.8710638977392833
2022-04-30,-0.5,2.7400000000000002,-0.11212524454906474,5.4900000000000002,8.5424555548424319
2022-05-31,-0.5,2.9005000000000001,0.058575321439622248,5.4900000000000002,8.2586293408823721
2022-06-30,-0.5,3.1515,0.086421480061983136,5.4900000000000002,8.5815115436765232
2022-07-31,0,2.9078947368421053,-0.084625371938544705,3.4489999999999998,9.0597579647841755
2022-08-31,0,2.8863636363636362,-0.10492302584666886,3.4489999999999998,8.5248147456254983
2022-09-30,0.75,3.5035000000000003,-0.10380453614086403,3.4489999999999998,8.2626925031162415
2022-10-31,0.75,3.9773684210526312,0.038875441628414983,1.3600000000000001,8.2016696438336201
2022-11-30,1.5,3.9021052631578947,0.0020007289408821879,1.3600000000000001,7.7454273308049215
2022-12-31,2,3.6030000000000002,-0.12387448938534047,1.3600000000000001,7.1103227941917257
2023-01-31,2,3.5321052631578946,0.0097577346000258386,-1.778,6.4544013314108195
2023-02-28,2.5,3.737222222222222,0.0046666467273806028,-1.778,6.4101469688562673
2023-03-31,3,3.6713636363636364,-0.050043194045126457,-1.778,6.0356130778665973
2023-04-30,3,3.4610526315789478,0.090751728898441769,-3.911,4.9849741220991728
2023-05-31,3.25,3.5704761904761906,-0.11097358506689489,-3.911,4.9303203981889254
2023-06-30,3.5,3.7450000000000001,-0.0032885315266732349,-3.911,4.0476092727919744
2023-07-31,3.5,3.8957894736842102,0.052397175733315246,-3.851,2.9691776545588855
2023-08-31,3.75,4.1713636363636359,0.071971174171038821,-3.851,3.177780177942191
2023-09-30,4,4.3678947368421053,0.077946206963535825,-3.851,3.6651123843995492
2023-10-31,4,4.7939999999999996,-0.029968905901807088,-2.2149999999999999,3.6996981213444302
2023-11-30,4,4.5095000000000001,-0.081907678212163423,-2.2149999999999999,3.2411446518932019
2023-12-31,4,4.027368421052631,-0.070027393985027969,-2.2149999999999999,3.1372707088417995
2024-01-31,4,4.0615000000000006,0.019674508432479476,-0.41699999999999998,3.3521228314302265
2024-02-29,4,4.2052631578947368,0.038571814811656467,-0.41699999999999998,3.0908847812280538
2024-03-31,4,4.2084999999999999,0.02171474215205569,-0.41699999999999998,3.1531711208615976
2024-04-30,4,4.5319047619047623,0.055802568805200799,0.98099999999999998,3.4773850700380304
2024-05-31,4,4.480952380952381,-0.093119973254787852,0.98099999999999998,3.3573639501191632
2024-06-30,3.75,4.3022222222222224,-0.012186946263959369,0.98099999999999998,3.2690290569400204
2024-07-31,3.75,4.2561904761904756,0.047857309008470496,2.593,2.9713971072633072
2024-08-31,3.75,3.8690476190476191,-0.059369359500825537,2.593,2.8947531984912844
2024-09-30,3.5,3.7189473684210523,-0.080181794716413665,2.593,2.5307302964569844
2024-10-31,3.25,4.0866666666666669,0.03119053198553157,2.5419999999999998,2.4406330310699831
2024-11-30,3.25,4.3655555555555559,-0.016406379007278003,2.5419999999999998,2.5979049049146719
2024-12-31,3,4.3819999999999997,-0.007360892109937801,2.5419999999999998,2.7493803960905616
2025-01-31,3,4.6315,0.0777199965127498,2.9849999999999999,2.8880572199800447
2025-02-28,2.75,4.4627777777777773,-0.044327531251958624,2.9849999999999999,3.0004831121501097
2025-03-31,2.5,4.2829999999999995,-0.046323878834921665,2.9849999999999999,2.8215489517475101
2025-04-30,2.25,4.2844999999999995,-0.053015289422908049,2.806,2.3907252538964974
2025-05-31,2.25,4.4245000000000001,-0.056661251152642762,2.806,2.3112888616734883
2025-06-30,2,4.3910526315789475,0.11481869446680015,2.806,2.3548965354746931
2025-07-31,2,4.3928571428571432,-0.0099840904376397709,5.1539999999999999,2.6692130182223384
2025-08-31,2,4.2664999999999997,-0.045299065116656434,5.1539999999999999,2.7049023971513986
2025-09-30,2,4.1185,-0.0059982445954040219,5.1539999999999999,2.9161742842984006
2025-10-31,2,4.0595238095238093,-0.054016252730791872,6.173,3.0126767755256134
2025-11-30,2,4.0982352941176474,-0.014662716824514099,6.173,3.0126767755256134
2025-12-31,2,4.1414285714285715,-0.01904739113931269,6.173,2.7350844551226272
2026-01-31,2,4.2110526315789478,0.044762053534398619,7.2869999999999999,2.6770805278750309
2026-02-28,2,4.1344444444444441,0.060138909575271224,7.2869999999999999,2.386431244904319
2026-03-31,2,4.2433333333333332,0.33009754692792265,7.2869999999999999,2.4141129866303901
2026-04-30,2,4.3152380952380955,0.12555816690163715,8.484,3.2564204390882923
2026-05-31,2,4.4857894736842105,-0.065700539821285459,8.484,3.8108449321217597
