year,months,SWDA_PROXY_return,SWDA_PROXY_volatility,PORTAFOGLIO_3_return,PORTAFOGLIO_3_volatility,IWMO_PROXY_return,IWMO_PROXY_volatility,IWQU_PROXY_return,IWQU_PROXY_volatility
2007,12,-0.005458281613415994,0.09685101655614858,0.03806655840600337,0.09555157870601885,0.05706242360042424,0.10304047146172847,0.06137809280193962,0.09251890997987886
2008,12,-0.3748603440712026,0.19478009730779947,-0.35288575074564343,0.1929532764361766,-0.36689545214969166,0.20344652180007136,-0.32547343880782853,0.1925028012834647
2009,12,0.2788916156802146,0.17781683246606886,0.22912711744836756,0.14895802197598149,0.10866830599224397,0.14303059712839383,0.2683164024617246,0.1420190819752664
2010,12,0.23235621301081455,0.1078840433186995,0.24029245425250667,0.11580756192129828,0.3138394449259829,0.15127090301257057,0.19861951115620569,0.10071342890140722
2011,12,-0.04771157650623359,0.12440039775097517,-0.02540086878210357,0.1250492458136223,-0.061695340496356055,0.15641823062336946,0.017093778210663935,0.10939249970644797
2012,12,0.15052433340676763,0.07087011466208913,0.1425924702362722,0.062369457287142334,0.1709430496023201,0.06094207733685059,0.117647488746347,0.06639329569491702
2013,12,0.23147797383243462,0.07376199520648145,0.24236153887396394,0.07686617422479514,0.296016536748287,0.08974951738688418,0.21606862568520557,0.07339699205206159
2014,12,0.17605968066726607,0.05258845299301679,0.1854151175864598,0.0596388045845985,0.1695442619222396,0.07715177369017166,0.20377144138759662,0.06295360440852966
2015,12,0.11054047588678184,0.17306515586804397,0.13068594243749287,0.17376509367971413,0.16031283883886793,0.17403730915602106,0.12777055654304714,0.17759156594913697
2016,12,0.11259801409300674,0.09781086993120312,0.08667002365118681,0.08837031437139006,0.05737362208065355,0.09246681298552525,0.08490224133721846,0.08562306186412169
2017,12,0.09098212770114111,0.060742130322352525,0.10588137084676408,0.0610241215388703,0.11773167697315867,0.06291392100867656,0.11039530394886632,0.06879247890148428
2018,12,-0.0510597290217254,0.13042050426252028,-0.024142920241766785,0.1388433791973655,-0.011757933260221787,0.15471697519529795,-0.010171067078289409,0.13930916601590762
2019,12,0.2914950859425367,0.11247531902476708,0.31365324645745085,0.10122839492616484,0.285990033449371,0.0844680276309289,0.35024574258372687,0.10839749723162395
2020,12,0.07714031117569453,0.2435075912436789,0.13287632348900047,0.224250631289622,0.18629952941946182,0.21275922723104934,0.14339440993630959,0.2199693653424835
2021,12,0.29061373280462655,0.08388909825062449,0.27670944214482485,0.08477408536406146,0.18350245057457015,0.08634647913668234,0.3270517842016363,0.1021306265382357
2022,12,-0.1287265536223393,0.19387125902988805,-0.1268357148925945,0.19492548163762985,-0.09762910062211327,0.1820544019408665,-0.14446212623913013,0.21030117186168193
2023,12,0.1839270338979555,0.1006564392804079,0.19605079050602403,0.09317340676804511,0.13849178358135195,0.10483220965458233,0.2441185025400332,0.09421681446670618
2024,12,0.2490602950628642,0.09295837196010574,0.28702396410182196,0.10459047559522965,0.34130732146981013,0.1351877081956662,0.2824320730782117,0.09998200220566227
2025,12,0.07705981522324756,0.12663185156798756,0.04662040744697982,0.14142635256784614,0.005311166569550663,0.16116105592260138,0.049048259793595506,0.14487211362846225
2026,5,0.11165719228054072,0.14603262465928504,0.13644068062002646,0.17753486292478596,0.23506000751745293,0.2555144917197526,0.09169593908491636,0.15398688680182024
