series_id,observation_date,period_end,available_at,value,unit,source_url,retrieved_at,source_hash,vintage_status,quality_flags
DAMODARAN_ERP_T12M,1961-12-31,1961-12-31,1962-02-01T23:59:59+00:00,0.0292,ratio,https://pages.stern.nyu.edu/~adamodar/pc/datasets/histimpl.xls,2026-09-09T16:48:57.545392+00:00,bb4d8da0a371a00af06172ec41dcef35a9ae30d6ab9c03d58ab5d2187e1e406f,CURRENT_VINTAGE_RESEARCH,
DAMODARAN_ERP_T12M,1962-12-31,1962-12-31,1963-02-01T23:59:59+00:00,0.0356,ratio,https://pages.stern.nyu.edu/~adamodar/pc/datasets/histimpl.xls,2026-09-09T16:48:57.545392+00:00,bb4d8da0a371a00af06172ec41dcef35a9ae30d6ab9c03d58ab5d2187e1e406f,CURRENT_VINTAGE_RESEARCH,
DAMODARAN_ERP_T12M,1963-12-31,1963-12-31,1964-02-01T23:59:59+00:00,0.0338,ratio,https://pages.stern.nyu.edu/~adamodar/pc/datasets/histimpl.xls,2026-09-09T16:48:57.545392+00:00,bb4d8da0a371a00af06172ec41dcef35a9ae30d6ab9c03d58ab5d2187e1e406f,CURRENT_VINTAGE_RESEARCH,
DAMODARAN_ERP_T12M,1964-12-31,1964-12-31,1965-02-01T23:59:59+00:00,0.0331,ratio,https://pages.stern.nyu.edu/~adamodar/pc/datasets/histimpl.xls,2026-09-09T16:48:57.545392+00:00,bb4d8da0a371a00af06172ec41dcef35a9ae30d6ab9c03d58ab5d2187e1e406f,CURRENT_VINTAGE_RESEARCH,
DAMODARAN_ERP_T12M,1965-12-31,1965-12-31,1966-02-01T23:59:59+00:00,0.0332,ratio,https://pages.stern.nyu.edu/~adamodar/pc/datasets/histimpl.xls,2026-09-09T16:48:57.545392+00:00,bb4d8da0a371a00af06172ec41dcef35a9ae30d6ab9c03d58ab5d2187e1e406f,CURRENT_VINTAGE_RESEARCH,
DAMODARAN_ERP_T12M,1966-12-31,1966-12-31,1967-02-01T23:59:59+00:00,0.0368,ratio,https://pages.stern.nyu.edu/~adamodar/pc/datasets/histimpl.xls,2026-09-09T16:48:57.545392+00:00,bb4d8da0a371a00af06172ec41dcef35a9ae30d6ab9c03d58ab5d2187e1e406f,CURRENT_VINTAGE_RESEARCH,
DAMODARAN_ERP_T12M,1967-12-31,1967-12-31,1968-02-01T23:59:59+00:00,0.032,ratio,https://pages.stern.nyu.edu/~adamodar/pc/datasets/histimpl.xls,2026-09-09T16:48:57.545392+00:00,bb4d8da0a371a00af06172ec41dcef35a9ae30d6ab9c03d58ab5d2187e1e406f,CURRENT_VINTAGE_RESEARCH,
DAMODARAN_ERP_T12M,1968-12-31,1968-12-31,1969-02-01T23:59:59+00:00,0.03,ratio,https://pages.stern.nyu.edu/~adamodar/pc/datasets/histimpl.xls,2026-09-09T16:48:57.545392+00:00,bb4d8da0a371a00af06172ec41dcef35a9ae30d6ab9c03d58ab5d2187e1e406f,CURRENT_VINTAGE_RESEARCH,
DAMODARAN_ERP_T12M,1969-12-31,1969-12-31,1970-02-01T23:59:59+00:00,0.0374,ratio,https://pages.stern.nyu.edu/~adamodar/pc/datasets/histimpl.xls,2026-09-09T16:48:57.545392+00:00,bb4d8da0a371a00af06172ec41dcef35a9ae30d6ab9c03d58ab5d2187e1e406f,CURRENT_VINTAGE_RESEARCH,
DAMODARAN_ERP_T12M,1970-12-31,1970-12-31,1971-02-01T23:59:59+00:00,0.0341,ratio,https://pages.stern.nyu.edu/~adamodar/pc/datasets/histimpl.xls,2026-09-09T16:48:57.545392+00:00,bb4d8da0a371a00af06172ec41dcef35a9ae30d6ab9c03d58ab5d2187e1e406f,CURRENT_VINTAGE_RESEARCH,
DAMODARAN_ERP_T12M,1971-12-31,1971-12-31,1972-02-01T23:59:59+00:00,0.0309,ratio,https://pages.stern.nyu.edu/~adamodar/pc/datasets/histimpl.xls,2026-09-09T16:48:57.545392+00:00,bb4d8da0a371a00af06172ec41dcef35a9ae30d6ab9c03d58ab5d2187e1e406f,CURRENT_VINTAGE_RESEARCH,
DAMODARAN_ERP_T12M,1972-12-31,1972-12-31,1973-02-01T23:59:59+00:00,0.0272,ratio,https://pages.stern.nyu.edu/~adamodar/pc/datasets/histimpl.xls,2026-09-09T16:48:57.545392+00:00,bb4d8da0a371a00af06172ec41dcef35a9ae30d6ab9c03d58ab5d2187e1e406f,CURRENT_VINTAGE_RESEARCH,
DAMODARAN_ERP_T12M,1973-12-31,1973-12-31,1974-02-01T23:59:59+00:00,0.043,ratio,https://pages.stern.nyu.edu/~adamodar/pc/datasets/histimpl.xls,2026-09-09T16:48:57.545392+00:00,bb4d8da0a371a00af06172ec41dcef35a9ae30d6ab9c03d58ab5d2187e1e406f,CURRENT_VINTAGE_RESEARCH,
DAMODARAN_ERP_T12M,1974-12-31,1974-12-31,1975-02-01T23:59:59+00:00,0.0559,ratio,https://pages.stern.nyu.edu/~adamodar/pc/datasets/histimpl.xls,2026-09-09T16:48:57.545392+00:00,bb4d8da0a371a00af06172ec41dcef35a9ae30d6ab9c03d58ab5d2187e1e406f,CURRENT_VINTAGE_RESEARCH,
DAMODARAN_ERP_T12M,1975-12-31,1975-12-31,1976-02-01T23:59:59+00:00,0.0413,ratio,https://pages.stern.nyu.edu/~adamodar/pc/datasets/histimpl.xls,2026-09-09T16:48:57.545392+00:00,bb4d8da0a371a00af06172ec41dcef35a9ae30d6ab9c03d58ab5d2187e1e406f,CURRENT_VINTAGE_RESEARCH,
DAMODARAN_ERP_T12M,1976-12-31,1976-12-31,1977-02-01T23:59:59+00:00,0.0455,ratio,https://pages.stern.nyu.edu/~adamodar/pc/datasets/histimpl.xls,2026-09-09T16:48:57.545392+00:00,bb4d8da0a371a00af06172ec41dcef35a9ae30d6ab9c03d58ab5d2187e1e406f,CURRENT_VINTAGE_RESEARCH,
DAMODARAN_ERP_T12M,1977-12-31,1977-12-31,1978-02-01T23:59:59+00:00,0.0592,ratio,https://pages.stern.nyu.edu/~adamodar/pc/datasets/histimpl.xls,2026-09-09T16:48:57.545392+00:00,bb4d8da0a371a00af06172ec41dcef35a9ae30d6ab9c03d58ab5d2187e1e406f,CURRENT_VINTAGE_RESEARCH,
DAMODARAN_ERP_T12M,1978-12-31,1978-12-31,1979-02-01T23:59:59+00:00,0.0572,ratio,https://pages.stern.nyu.edu/~adamodar/pc/datasets/histimpl.xls,2026-09-09T16:48:57.545392+00:00,bb4d8da0a371a00af06172ec41dcef35a9ae30d6ab9c03d58ab5d2187e1e406f,CURRENT_VINTAGE_RESEARCH,
DAMODARAN_ERP_T12M,1979-12-31,1979-12-31,1980-02-01T23:59:59+00:00,0.0645,ratio,https://pages.stern.nyu.edu/~adamodar/pc/datasets/histimpl.xls,2026-09-09T16:48:57.545392+00:00,bb4d8da0a371a00af06172ec41dcef35a9ae30d6ab9c03d58ab5d2187e1e406f,CURRENT_VINTAGE_RESEARCH,
DAMODARAN_ERP_T12M,1980-12-31,1980-12-31,1981-02-01T23:59:59+00:00,0.0503,ratio,https://pages.stern.nyu.edu/~adamodar/pc/datasets/histimpl.xls,2026-09-09T16:48:57.545392+00:00,bb4d8da0a371a00af06172ec41dcef35a9ae30d6ab9c03d58ab5d2187e1e406f,CURRENT_VINTAGE_RESEARCH,
DAMODARAN_ERP_T12M,1981-12-31,1981-12-31,1982-02-01T23:59:59+00:00,0.0573,ratio,https://pages.stern.nyu.edu/~adamodar/pc/datasets/histimpl.xls,2026-09-09T16:48:57.545392+00:00,bb4d8da0a371a00af06172ec41dcef35a9ae30d6ab9c03d58ab5d2187e1e406f,CURRENT_VINTAGE_RESEARCH,
DAMODARAN_ERP_T12M,1982-12-31,1982-12-31,1983-02-01T23:59:59+00:00,0.049,ratio,https://pages.stern.nyu.edu/~adamodar/pc/datasets/histimpl.xls,2026-09-09T16:48:57.545392+00:00,bb4d8da0a371a00af06172ec41dcef35a9ae30d6ab9c03d58ab5d2187e1e406f,CURRENT_VINTAGE_RESEARCH,
DAMODARAN_ERP_T12M,1983-12-31,1983-12-31,1984-02-01T23:59:59+00:00,0.0431,ratio,https://pages.stern.nyu.edu/~adamodar/pc/datasets/histimpl.xls,2026-09-09T16:48:57.545392+00:00,bb4d8da0a371a00af06172ec41dcef35a9ae30d6ab9c03d58ab5d2187e1e406f,CURRENT_VINTAGE_RESEARCH,
DAMODARAN_ERP_T12M,1984-12-31,1984-12-31,1985-02-01T23:59:59+00:00,0.0511,ratio,https://pages.stern.nyu.edu/~adamodar/pc/datasets/histimpl.xls,2026-09-09T16:48:57.545392+00:00,bb4d8da0a371a00af06172ec41dcef35a9ae30d6ab9c03d58ab5d2187e1e406f,CURRENT_VINTAGE_RESEARCH,
DAMODARAN_ERP_T12M,1985-12-31,1985-12-31,1986-02-01T23:59:59+00:00,0.0384,ratio,https://pages.stern.nyu.edu/~adamodar/pc/datasets/histimpl.xls,2026-09-09T16:48:57.545392+00:00,bb4d8da0a371a00af06172ec41dcef35a9ae30d6ab9c03d58ab5d2187e1e406f,CURRENT_VINTAGE_RESEARCH,
DAMODARAN_ERP_T12M,1986-12-31,1986-12-31,1987-02-01T23:59:59+00:00,0.0358,ratio,https://pages.stern.nyu.edu/~adamodar/pc/datasets/histimpl.xls,2026-09-09T16:48:57.545392+00:00,bb4d8da0a371a00af06172ec41dcef35a9ae30d6ab9c03d58ab5d2187e1e406f,CURRENT_VINTAGE_RESEARCH,
DAMODARAN_ERP_T12M,1987-12-31,1987-12-31,1988-02-01T23:59:59+00:00,0.0399,ratio,https://pages.stern.nyu.edu/~adamodar/pc/datasets/histimpl.xls,2026-09-09T16:48:57.545392+00:00,bb4d8da0a371a00af06172ec41dcef35a9ae30d6ab9c03d58ab5d2187e1e406f,CURRENT_VINTAGE_RESEARCH,
DAMODARAN_ERP_T12M,1988-12-31,1988-12-31,1989-02-01T23:59:59+00:00,0.0377,ratio,https://pages.stern.nyu.edu/~adamodar/pc/datasets/histimpl.xls,2026-09-09T16:48:57.545392+00:00,bb4d8da0a371a00af06172ec41dcef35a9ae30d6ab9c03d58ab5d2187e1e406f,CURRENT_VINTAGE_RESEARCH,
DAMODARAN_ERP_T12M,1989-12-31,1989-12-31,1990-02-01T23:59:59+00:00,0.0351,ratio,https://pages.stern.nyu.edu/~adamodar/pc/datasets/histimpl.xls,2026-09-09T16:48:57.545392+00:00,bb4d8da0a371a00af06172ec41dcef35a9ae30d6ab9c03d58ab5d2187e1e406f,CURRENT_VINTAGE_RESEARCH,
DAMODARAN_ERP_T12M,1990-12-31,1990-12-31,1991-02-01T23:59:59+00:00,0.0389,ratio,https://pages.stern.nyu.edu/~adamodar/pc/datasets/histimpl.xls,2026-09-09T16:48:57.545392+00:00,bb4d8da0a371a00af06172ec41dcef35a9ae30d6ab9c03d58ab5d2187e1e406f,CURRENT_VINTAGE_RESEARCH,
DAMODARAN_ERP_T12M,1991-12-31,1991-12-31,1992-02-01T23:59:59+00:00,0.0348,ratio,https://pages.stern.nyu.edu/~adamodar/pc/datasets/histimpl.xls,2026-09-09T16:48:57.545392+00:00,bb4d8da0a371a00af06172ec41dcef35a9ae30d6ab9c03d58ab5d2187e1e406f,CURRENT_VINTAGE_RESEARCH,
DAMODARAN_ERP_T12M,1992-12-31,1992-12-31,1993-02-01T23:59:59+00:00,0.0355,ratio,https://pages.stern.nyu.edu/~adamodar/pc/datasets/histimpl.xls,2026-09-09T16:48:57.545392+00:00,bb4d8da0a371a00af06172ec41dcef35a9ae30d6ab9c03d58ab5d2187e1e406f,CURRENT_VINTAGE_RESEARCH,
DAMODARAN_ERP_T12M,1993-12-31,1993-12-31,1994-02-01T23:59:59+00:00,0.0317,ratio,https://pages.stern.nyu.edu/~adamodar/pc/datasets/histimpl.xls,2026-09-09T16:48:57.545392+00:00,bb4d8da0a371a00af06172ec41dcef35a9ae30d6ab9c03d58ab5d2187e1e406f,CURRENT_VINTAGE_RESEARCH,
DAMODARAN_ERP_T12M,1994-12-31,1994-12-31,1995-02-01T23:59:59+00:00,0.0355,ratio,https://pages.stern.nyu.edu/~adamodar/pc/datasets/histimpl.xls,2026-09-09T16:48:57.545392+00:00,bb4d8da0a371a00af06172ec41dcef35a9ae30d6ab9c03d58ab5d2187e1e406f,CURRENT_VINTAGE_RESEARCH,
DAMODARAN_ERP_T12M,1995-12-31,1995-12-31,1996-02-01T23:59:59+00:00,0.0329,ratio,https://pages.stern.nyu.edu/~adamodar/pc/datasets/histimpl.xls,2026-09-09T16:48:57.545392+00:00,bb4d8da0a371a00af06172ec41dcef35a9ae30d6ab9c03d58ab5d2187e1e406f,CURRENT_VINTAGE_RESEARCH,
DAMODARAN_ERP_T12M,1996-12-31,1996-12-31,1997-02-01T23:59:59+00:00,0.032,ratio,https://pages.stern.nyu.edu/~adamodar/pc/datasets/histimpl.xls,2026-09-09T16:48:57.545392+00:00,bb4d8da0a371a00af06172ec41dcef35a9ae30d6ab9c03d58ab5d2187e1e406f,CURRENT_VINTAGE_RESEARCH,
DAMODARAN_ERP_T12M,1997-12-31,1997-12-31,1998-02-01T23:59:59+00:00,0.0273,ratio,https://pages.stern.nyu.edu/~adamodar/pc/datasets/histimpl.xls,2026-09-09T16:48:57.545392+00:00,bb4d8da0a371a00af06172ec41dcef35a9ae30d6ab9c03d58ab5d2187e1e406f,CURRENT_VINTAGE_RESEARCH,
DAMODARAN_ERP_T12M,1998-12-31,1998-12-31,1999-02-01T23:59:59+00:00,0.0226,ratio,https://pages.stern.nyu.edu/~adamodar/pc/datasets/histimpl.xls,2026-09-09T16:48:57.545392+00:00,bb4d8da0a371a00af06172ec41dcef35a9ae30d6ab9c03d58ab5d2187e1e406f,CURRENT_VINTAGE_RESEARCH,
DAMODARAN_ERP_T12M,1999-12-31,1999-12-31,2000-02-01T23:59:59+00:00,0.0205,ratio,https://pages.stern.nyu.edu/~adamodar/pc/datasets/histimpl.xls,2026-09-09T16:48:57.545392+00:00,bb4d8da0a371a00af06172ec41dcef35a9ae30d6ab9c03d58ab5d2187e1e406f,CURRENT_VINTAGE_RESEARCH,
DAMODARAN_ERP_T12M,2000-12-31,2000-12-31,2001-02-01T23:59:59+00:00,0.0287,ratio,https://pages.stern.nyu.edu/~adamodar/pc/datasets/histimpl.xls,2026-09-09T16:48:57.545392+00:00,bb4d8da0a371a00af06172ec41dcef35a9ae30d6ab9c03d58ab5d2187e1e406f,CURRENT_VINTAGE_RESEARCH,
DAMODARAN_ERP_T12M,2001-12-31,2001-12-31,2002-02-01T23:59:59+00:00,0.0362,ratio,https://pages.stern.nyu.edu/~adamodar/pc/datasets/histimpl.xls,2026-09-09T16:48:57.545392+00:00,bb4d8da0a371a00af06172ec41dcef35a9ae30d6ab9c03d58ab5d2187e1e406f,CURRENT_VINTAGE_RESEARCH,
DAMODARAN_ERP_T12M,2002-12-31,2002-12-31,2003-02-01T23:59:59+00:00,0.041,ratio,https://pages.stern.nyu.edu/~adamodar/pc/datasets/histimpl.xls,2026-09-09T16:48:57.545392+00:00,bb4d8da0a371a00af06172ec41dcef35a9ae30d6ab9c03d58ab5d2187e1e406f,CURRENT_VINTAGE_RESEARCH,
DAMODARAN_ERP_T12M,2003-12-31,2003-12-31,2004-02-01T23:59:59+00:00,0.0369,ratio,https://pages.stern.nyu.edu/~adamodar/pc/datasets/histimpl.xls,2026-09-09T16:48:57.545392+00:00,bb4d8da0a371a00af06172ec41dcef35a9ae30d6ab9c03d58ab5d2187e1e406f,CURRENT_VINTAGE_RESEARCH,
DAMODARAN_ERP_T12M,2004-12-31,2004-12-31,2005-02-01T23:59:59+00:00,0.0365,ratio,https://pages.stern.nyu.edu/~adamodar/pc/datasets/histimpl.xls,2026-09-09T16:48:57.545392+00:00,bb4d8da0a371a00af06172ec41dcef35a9ae30d6ab9c03d58ab5d2187e1e406f,CURRENT_VINTAGE_RESEARCH,
DAMODARAN_ERP_T12M,2005-12-31,2005-12-31,2006-02-01T23:59:59+00:00,0.0408,ratio,https://pages.stern.nyu.edu/~adamodar/pc/datasets/histimpl.xls,2026-09-09T16:48:57.545392+00:00,bb4d8da0a371a00af06172ec41dcef35a9ae30d6ab9c03d58ab5d2187e1e406f,CURRENT_VINTAGE_RESEARCH,
DAMODARAN_ERP_T12M,2006-12-31,2006-12-31,2007-02-01T23:59:59+00:00,0.0416,ratio,https://pages.stern.nyu.edu/~adamodar/pc/datasets/histimpl.xls,2026-09-09T16:48:57.545392+00:00,bb4d8da0a371a00af06172ec41dcef35a9ae30d6ab9c03d58ab5d2187e1e406f,CURRENT_VINTAGE_RESEARCH,
DAMODARAN_ERP_T12M,2007-12-31,2007-12-31,2008-02-01T23:59:59+00:00,0.0437,ratio,https://pages.stern.nyu.edu/~adamodar/pc/datasets/histimpl.xls,2026-09-09T16:48:57.545392+00:00,bb4d8da0a371a00af06172ec41dcef35a9ae30d6ab9c03d58ab5d2187e1e406f,CURRENT_VINTAGE_RESEARCH,
