month_end,benchmark_id,source_id,observation_date,available_at,retrieved_at,source_hash,source_url,total_return_level_eur
2018-12-31,SWDA,SWDA_OFFICIAL_NAV,2018-12-28,2018-12-28,2026-08-28T06:45:02.413410+00:00,a401b93ad067e2fae450d7024c5488307b402662c4b9e14800ba175f54513a1c,https://finance.yahoo.com/quote/SWDA.MI/history,42.9900016784668
2019-01-31,SWDA,SWDA_OFFICIAL_NAV,2019-01-31,2019-01-31,2026-08-28T06:45:02.413410+00:00,a401b93ad067e2fae450d7024c5488307b402662c4b9e14800ba175f54513a1c,https://finance.yahoo.com/quote/SWDA.MI/history,46.474998474121094
2019-02-28,SWDA,SWDA_OFFICIAL_NAV,2019-02-28,2019-02-28,2026-08-28T06:45:02.413410+00:00,a401b93ad067e2fae450d7024c5488307b402662c4b9e14800ba175f54513a1c,https://finance.yahoo.com/quote/SWDA.MI/history,48.33000183105469
2019-03-31,SWDA,SWDA_OFFICIAL_NAV,2019-03-29,2019-03-29,2026-08-28T06:45:02.413410+00:00,a401b93ad067e2fae450d7024c5488307b402662c4b9e14800ba175f54513a1c,https://finance.yahoo.com/quote/SWDA.MI/history,49.54999923706055
2019-04-30,SWDA,SWDA_OFFICIAL_NAV,2019-04-30,2019-04-30,2026-08-28T06:45:02.413410+00:00,a401b93ad067e2fae450d7024c5488307b402662c4b9e14800ba175f54513a1c,https://finance.yahoo.com/quote/SWDA.MI/history,51.349998474121094
2019-05-31,SWDA,SWDA_OFFICIAL_NAV,2019-05-31,2019-05-31,2026-08-28T06:45:02.413410+00:00,a401b93ad067e2fae450d7024c5488307b402662c4b9e14800ba175f54513a1c,https://finance.yahoo.com/quote/SWDA.MI/history,48.875
2019-06-30,SWDA,SWDA_OFFICIAL_NAV,2019-06-28,2019-06-28,2026-08-28T06:45:02.413410+00:00,a401b93ad067e2fae450d7024c5488307b402662c4b9e14800ba175f54513a1c,https://finance.yahoo.com/quote/SWDA.MI/history,50.79999923706055
2019-07-31,SWDA,SWDA_OFFICIAL_NAV,2019-07-31,2019-07-31,2026-08-28T06:45:02.413410+00:00,a401b93ad067e2fae450d7024c5488307b402662c4b9e14800ba175f54513a1c,https://finance.yahoo.com/quote/SWDA.MI/history,52.619998931884766
2019-08-31,SWDA,SWDA_OFFICIAL_NAV,2019-08-30,2019-08-30,2026-08-28T06:45:02.413410+00:00,a401b93ad067e2fae450d7024c5488307b402662c4b9e14800ba175f54513a1c,https://finance.yahoo.com/quote/SWDA.MI/history,51.75
2019-09-30,SWDA,SWDA_OFFICIAL_NAV,2019-09-30,2019-09-30,2026-08-28T06:45:02.413410+00:00,a401b93ad067e2fae450d7024c5488307b402662c4b9e14800ba175f54513a1c,https://finance.yahoo.com/quote/SWDA.MI/history,53.459999084472656
2019-10-31,SWDA,SWDA_OFFICIAL_NAV,2019-10-31,2019-10-31,2026-08-28T06:45:02.413410+00:00,a401b93ad067e2fae450d7024c5488307b402662c4b9e14800ba175f54513a1c,https://finance.yahoo.com/quote/SWDA.MI/history,53.40999984741211
2019-11-30,SWDA,SWDA_OFFICIAL_NAV,2019-11-29,2019-11-29,2026-08-28T06:45:02.413410+00:00,a401b93ad067e2fae450d7024c5488307b402662c4b9e14800ba175f54513a1c,https://finance.yahoo.com/quote/SWDA.MI/history,55.77000045776367
2019-12-31,SWDA,SWDA_OFFICIAL_NAV,2019-12-30,2019-12-30,2026-08-28T06:45:02.413410+00:00,a401b93ad067e2fae450d7024c5488307b402662c4b9e14800ba175f54513a1c,https://finance.yahoo.com/quote/SWDA.MI/history,56.220001220703125
2020-01-31,SWDA,SWDA_OFFICIAL_NAV,2020-01-31,2020-01-31,2026-08-28T06:45:02.413410+00:00,a401b93ad067e2fae450d7024c5488307b402662c4b9e14800ba175f54513a1c,https://finance.yahoo.com/quote/SWDA.MI/history,56.68000030517578
2020-02-29,SWDA,SWDA_OFFICIAL_NAV,2020-02-28,2020-02-28,2026-08-28T06:45:02.413410+00:00,a401b93ad067e2fae450d7024c5488307b402662c4b9e14800ba175f54513a1c,https://finance.yahoo.com/quote/SWDA.MI/history,51.619998931884766
2020-03-31,SWDA,SWDA_OFFICIAL_NAV,2020-03-31,2020-03-31,2026-08-28T06:45:02.413410+00:00,a401b93ad067e2fae450d7024c5488307b402662c4b9e14800ba175f54513a1c,https://finance.yahoo.com/quote/SWDA.MI/history,46.150001525878906
2020-04-30,SWDA,SWDA_OFFICIAL_NAV,2020-04-30,2020-04-30,2026-08-28T06:45:02.413410+00:00,a401b93ad067e2fae450d7024c5488307b402662c4b9e14800ba175f54513a1c,https://finance.yahoo.com/quote/SWDA.MI/history,50.540000915527344
2020-05-31,SWDA,SWDA_OFFICIAL_NAV,2020-05-29,2020-05-29,2026-08-28T06:45:02.413410+00:00,a401b93ad067e2fae450d7024c5488307b402662c4b9e14800ba175f54513a1c,https://finance.yahoo.com/quote/SWDA.MI/history,51.720001220703125
2020-06-30,SWDA,SWDA_OFFICIAL_NAV,2020-06-30,2020-06-30,2026-08-28T06:45:02.413410+00:00,a401b93ad067e2fae450d7024c5488307b402662c4b9e14800ba175f54513a1c,https://finance.yahoo.com/quote/SWDA.MI/history,52.709999084472656
2020-07-31,SWDA,SWDA_OFFICIAL_NAV,2020-07-31,2020-07-31,2026-08-28T06:45:02.413410+00:00,a401b93ad067e2fae450d7024c5488307b402662c4b9e14800ba175f54513a1c,https://finance.yahoo.com/quote/SWDA.MI/history,52.560001373291016
2020-08-31,SWDA,SWDA_OFFICIAL_NAV,2020-08-31,2020-08-31,2026-08-28T06:45:02.413410+00:00,a401b93ad067e2fae450d7024c5488307b402662c4b9e14800ba175f54513a1c,https://finance.yahoo.com/quote/SWDA.MI/history,55.599998474121094
2020-09-30,SWDA,SWDA_OFFICIAL_NAV,2020-09-30,2020-09-30,2026-08-28T06:45:02.413410+00:00,a401b93ad067e2fae450d7024c5488307b402662c4b9e14800ba175f54513a1c,https://finance.yahoo.com/quote/SWDA.MI/history,54.93000030517578
2020-10-31,SWDA,SWDA_OFFICIAL_NAV,2020-10-30,2020-10-30,2026-08-28T06:45:02.413410+00:00,a401b93ad067e2fae450d7024c5488307b402662c4b9e14800ba175f54513a1c,https://finance.yahoo.com/quote/SWDA.MI/history,53.4900016784668
2020-11-30,SWDA,SWDA_OFFICIAL_NAV,2020-11-30,2020-11-30,2026-08-28T06:45:02.413410+00:00,a401b93ad067e2fae450d7024c5488307b402662c4b9e14800ba175f54513a1c,https://finance.yahoo.com/quote/SWDA.MI/history,58.59000015258789
2020-12-31,SWDA,SWDA_OFFICIAL_NAV,2020-12-30,2020-12-30,2026-08-28T06:45:02.413410+00:00,a401b93ad067e2fae450d7024c5488307b402662c4b9e14800ba175f54513a1c,https://finance.yahoo.com/quote/SWDA.MI/history,59.68000030517578
2021-01-31,SWDA,SWDA_OFFICIAL_NAV,2021-01-29,2021-01-29,2026-08-28T06:45:02.413410+00:00,a401b93ad067e2fae450d7024c5488307b402662c4b9e14800ba175f54513a1c,https://finance.yahoo.com/quote/SWDA.MI/history,60.0
2021-02-28,SWDA,SWDA_OFFICIAL_NAV,2021-02-26,2021-02-26,2026-08-28T06:45:02.413410+00:00,a401b93ad067e2fae450d7024c5488307b402662c4b9e14800ba175f54513a1c,https://finance.yahoo.com/quote/SWDA.MI/history,61.869998931884766
2021-03-31,SWDA,SWDA_OFFICIAL_NAV,2021-03-31,2021-03-31,2026-08-28T06:45:02.413410+00:00,a401b93ad067e2fae450d7024c5488307b402662c4b9e14800ba175f54513a1c,https://finance.yahoo.com/quote/SWDA.MI/history,65.6500015258789
2021-04-30,SWDA,SWDA_OFFICIAL_NAV,2021-04-30,2021-04-30,2026-08-28T06:45:02.413410+00:00,a401b93ad067e2fae450d7024c5488307b402662c4b9e14800ba175f54513a1c,https://finance.yahoo.com/quote/SWDA.MI/history,66.98999786376953
2021-05-31,SWDA,SWDA_OFFICIAL_NAV,2021-05-31,2021-05-31,2026-08-28T06:45:02.413410+00:00,a401b93ad067e2fae450d7024c5488307b402662c4b9e14800ba175f54513a1c,https://finance.yahoo.com/quote/SWDA.MI/history,66.7699966430664
2021-06-30,SWDA,SWDA_OFFICIAL_NAV,2021-06-30,2021-06-30,2026-08-28T06:45:02.413410+00:00,a401b93ad067e2fae450d7024c5488307b402662c4b9e14800ba175f54513a1c,https://finance.yahoo.com/quote/SWDA.MI/history,69.9000015258789
2021-07-31,SWDA,SWDA_OFFICIAL_NAV,2021-07-30,2021-07-30,2026-08-28T06:45:02.413410+00:00,a401b93ad067e2fae450d7024c5488307b402662c4b9e14800ba175f54513a1c,https://finance.yahoo.com/quote/SWDA.MI/history,71.2300033569336
2021-08-31,SWDA,SWDA_OFFICIAL_NAV,2021-08-31,2021-08-31,2026-08-28T06:45:02.413410+00:00,a401b93ad067e2fae450d7024c5488307b402662c4b9e14800ba175f54513a1c,https://finance.yahoo.com/quote/SWDA.MI/history,73.4000015258789
2021-09-30,SWDA,SWDA_OFFICIAL_NAV,2021-09-30,2021-09-30,2026-08-28T06:45:02.413410+00:00,a401b93ad067e2fae450d7024c5488307b402662c4b9e14800ba175f54513a1c,https://finance.yahoo.com/quote/SWDA.MI/history,71.98999786376953
2021-10-31,SWDA,SWDA_OFFICIAL_NAV,2021-10-29,2021-10-29,2026-08-28T06:45:02.413410+00:00,a401b93ad067e2fae450d7024c5488307b402662c4b9e14800ba175f54513a1c,https://finance.yahoo.com/quote/SWDA.MI/history,75.7300033569336
2021-11-30,SWDA,SWDA_OFFICIAL_NAV,2021-11-30,2021-11-30,2026-08-28T06:45:02.413410+00:00,a401b93ad067e2fae450d7024c5488307b402662c4b9e14800ba175f54513a1c,https://finance.yahoo.com/quote/SWDA.MI/history,76.16000366210938
2021-12-31,SWDA,SWDA_OFFICIAL_NAV,2021-12-30,2021-12-30,2026-08-28T06:45:02.413410+00:00,a401b93ad067e2fae450d7024c5488307b402662c4b9e14800ba175f54513a1c,https://finance.yahoo.com/quote/SWDA.MI/history,79.33999633789062
2022-01-31,SWDA,SWDA_OFFICIAL_NAV,2022-01-31,2022-01-31,2026-08-28T06:45:02.413410+00:00,a401b93ad067e2fae450d7024c5488307b402662c4b9e14800ba175f54513a1c,https://finance.yahoo.com/quote/SWDA.MI/history,75.0
2022-02-28,SWDA,SWDA_OFFICIAL_NAV,2022-02-28,2022-02-28,2026-08-28T06:45:02.413410+00:00,a401b93ad067e2fae450d7024c5488307b402662c4b9e14800ba175f54513a1c,https://finance.yahoo.com/quote/SWDA.MI/history,73.66999816894531
2022-03-31,SWDA,SWDA_OFFICIAL_NAV,2022-03-31,2022-03-31,2026-08-28T06:45:02.413410+00:00,a401b93ad067e2fae450d7024c5488307b402662c4b9e14800ba175f54513a1c,https://finance.yahoo.com/quote/SWDA.MI/history,77.0999984741211
2022-04-30,SWDA,SWDA_OFFICIAL_NAV,2022-04-29,2022-04-29,2026-08-28T06:45:02.413410+00:00,a401b93ad067e2fae450d7024c5488307b402662c4b9e14800ba175f54513a1c,https://finance.yahoo.com/quote/SWDA.MI/history,75.0199966430664
2022-05-31,SWDA,SWDA_OFFICIAL_NAV,2022-05-31,2022-05-31,2026-08-28T06:45:02.413410+00:00,a401b93ad067e2fae450d7024c5488307b402662c4b9e14800ba175f54513a1c,https://finance.yahoo.com/quote/SWDA.MI/history,72.5
2022-06-30,SWDA,SWDA_OFFICIAL_NAV,2022-06-30,2022-06-30,2026-08-28T06:45:02.413410+00:00,a401b93ad067e2fae450d7024c5488307b402662c4b9e14800ba175f54513a1c,https://finance.yahoo.com/quote/SWDA.MI/history,67.88999938964844
2022-07-31,SWDA,SWDA_OFFICIAL_NAV,2022-07-29,2022-07-29,2026-08-28T06:45:02.413410+00:00,a401b93ad067e2fae450d7024c5488307b402662c4b9e14800ba175f54513a1c,https://finance.yahoo.com/quote/SWDA.MI/history,74.83000183105469
2022-08-31,SWDA,SWDA_OFFICIAL_NAV,2022-08-31,2022-08-31,2026-08-28T06:45:02.413410+00:00,a401b93ad067e2fae450d7024c5488307b402662c4b9e14800ba175f54513a1c,https://finance.yahoo.com/quote/SWDA.MI/history,73.37000274658203
2022-09-30,SWDA,SWDA_OFFICIAL_NAV,2022-09-30,2022-09-30,2026-08-28T06:45:02.413410+00:00,a401b93ad067e2fae450d7024c5488307b402662c4b9e14800ba175f54513a1c,https://finance.yahoo.com/quote/SWDA.MI/history,69.30999755859375
2022-10-31,SWDA,SWDA_OFFICIAL_NAV,2022-10-31,2022-10-31,2026-08-28T06:45:02.413410+00:00,a401b93ad067e2fae450d7024c5488307b402662c4b9e14800ba175f54513a1c,https://finance.yahoo.com/quote/SWDA.MI/history,72.33999633789062
2022-11-30,SWDA,SWDA_OFFICIAL_NAV,2022-11-30,2022-11-30,2026-08-28T06:45:02.413410+00:00,a401b93ad067e2fae450d7024c5488307b402662c4b9e14800ba175f54513a1c,https://finance.yahoo.com/quote/SWDA.MI/history,72.55000305175781
2022-12-31,SWDA,SWDA_OFFICIAL_NAV,2022-12-30,2022-12-30,2026-08-28T06:45:02.413410+00:00,a401b93ad067e2fae450d7024c5488307b402662c4b9e14800ba175f54513a1c,https://finance.yahoo.com/quote/SWDA.MI/history,68.30000305175781
2023-01-31,SWDA,SWDA_OFFICIAL_NAV,2023-01-31,2023-01-31,2026-08-28T06:45:02.413410+00:00,a401b93ad067e2fae450d7024c5488307b402662c4b9e14800ba175f54513a1c,https://finance.yahoo.com/quote/SWDA.MI/history,71.7699966430664
2023-02-28,SWDA,SWDA_OFFICIAL_NAV,2023-02-28,2023-02-28,2026-08-28T06:45:02.413410+00:00,a401b93ad067e2fae450d7024c5488307b402662c4b9e14800ba175f54513a1c,https://finance.yahoo.com/quote/SWDA.MI/history,72.23999786376953
2023-03-31,SWDA,SWDA_OFFICIAL_NAV,2023-03-31,2023-03-31,2026-08-28T06:45:02.413410+00:00,a401b93ad067e2fae450d7024c5488307b402662c4b9e14800ba175f54513a1c,https://finance.yahoo.com/quote/SWDA.MI/history,72.36000061035156
2023-04-30,SWDA,SWDA_OFFICIAL_NAV,2023-04-28,2023-04-28,2026-08-28T06:45:02.413410+00:00,a401b93ad067e2fae450d7024c5488307b402662c4b9e14800ba175f54513a1c,https://finance.yahoo.com/quote/SWDA.MI/history,72.58000183105469
2023-05-31,SWDA,SWDA_OFFICIAL_NAV,2023-05-31,2023-05-31,2026-08-28T06:45:02.413410+00:00,a401b93ad067e2fae450d7024c5488307b402662c4b9e14800ba175f54513a1c,https://finance.yahoo.com/quote/SWDA.MI/history,74.36000061035156
2023-06-30,SWDA,SWDA_OFFICIAL_NAV,2023-06-30,2023-06-30,2026-08-28T06:45:02.413410+00:00,a401b93ad067e2fae450d7024c5488307b402662c4b9e14800ba175f54513a1c,https://finance.yahoo.com/quote/SWDA.MI/history,77.19000244140625
2023-07-31,SWDA,SWDA_OFFICIAL_NAV,2023-07-31,2023-07-31,2026-08-28T06:45:02.413410+00:00,a401b93ad067e2fae450d7024c5488307b402662c4b9e14800ba175f54513a1c,https://finance.yahoo.com/quote/SWDA.MI/history,78.98999786376953
2023-08-31,SWDA,SWDA_OFFICIAL_NAV,2023-08-31,2023-08-31,2026-08-28T06:45:02.413410+00:00,a401b93ad067e2fae450d7024c5488307b402662c4b9e14800ba175f54513a1c,https://finance.yahoo.com/quote/SWDA.MI/history,78.54000091552734
2023-09-30,SWDA,SWDA_OFFICIAL_NAV,2023-09-29,2023-09-29,2026-08-28T06:45:02.413410+00:00,a401b93ad067e2fae450d7024c5488307b402662c4b9e14800ba175f54513a1c,https://finance.yahoo.com/quote/SWDA.MI/history,77.30000305175781
2023-10-31,SWDA,SWDA_OFFICIAL_NAV,2023-10-31,2023-10-31,2026-08-28T06:45:02.413410+00:00,a401b93ad067e2fae450d7024c5488307b402662c4b9e14800ba175f54513a1c,https://finance.yahoo.com/quote/SWDA.MI/history,74.62999725341797
2023-11-30,SWDA,SWDA_OFFICIAL_NAV,2023-11-30,2023-11-30,2026-08-28T06:45:02.413410+00:00,a401b93ad067e2fae450d7024c5488307b402662c4b9e14800ba175f54513a1c,https://finance.yahoo.com/quote/SWDA.MI/history,78.97000122070312
2023-12-31,SWDA,SWDA_OFFICIAL_NAV,2023-12-29,2023-12-29,2026-08-28T06:45:02.413410+00:00,a401b93ad067e2fae450d7024c5488307b402662c4b9e14800ba175f54513a1c,https://finance.yahoo.com/quote/SWDA.MI/history,81.83999633789062
2024-01-31,SWDA,SWDA_OFFICIAL_NAV,2024-01-31,2024-01-31,2026-08-28T06:45:02.413410+00:00,a401b93ad067e2fae450d7024c5488307b402662c4b9e14800ba175f54513a1c,https://finance.yahoo.com/quote/SWDA.MI/history,85.0199966430664
2024-02-29,SWDA,SWDA_OFFICIAL_NAV,2024-02-29,2024-02-29,2026-08-28T06:45:02.413410+00:00,a401b93ad067e2fae450d7024c5488307b402662c4b9e14800ba175f54513a1c,https://finance.yahoo.com/quote/SWDA.MI/history,88.16999816894531
2024-03-31,SWDA,SWDA_OFFICIAL_NAV,2024-03-28,2024-03-28,2026-08-28T06:45:02.413410+00:00,a401b93ad067e2fae450d7024c5488307b402662c4b9e14800ba175f54513a1c,https://finance.yahoo.com/quote/SWDA.MI/history,91.44000244140625
2024-04-30,SWDA,SWDA_OFFICIAL_NAV,2024-04-30,2024-04-30,2026-08-28T06:45:02.413410+00:00,a401b93ad067e2fae450d7024c5488307b402662c4b9e14800ba175f54513a1c,https://finance.yahoo.com/quote/SWDA.MI/history,89.58000183105469
2024-05-31,SWDA,SWDA_OFFICIAL_NAV,2024-05-31,2024-05-31,2026-08-28T06:45:02.413410+00:00,a401b93ad067e2fae450d7024c5488307b402662c4b9e14800ba175f54513a1c,https://finance.yahoo.com/quote/SWDA.MI/history,90.69000244140625
2024-06-30,SWDA,SWDA_OFFICIAL_NAV,2024-06-28,2024-06-28,2026-08-28T06:45:02.413410+00:00,a401b93ad067e2fae450d7024c5488307b402662c4b9e14800ba175f54513a1c,https://finance.yahoo.com/quote/SWDA.MI/history,95.18000030517578
2024-07-31,SWDA,SWDA_OFFICIAL_NAV,2024-07-31,2024-07-31,2026-08-28T06:45:02.413410+00:00,a401b93ad067e2fae450d7024c5488307b402662c4b9e14800ba175f54513a1c,https://finance.yahoo.com/quote/SWDA.MI/history,95.37000274658203
2024-08-31,SWDA,SWDA_OFFICIAL_NAV,2024-08-30,2024-08-30,2026-08-28T06:45:02.413410+00:00,a401b93ad067e2fae450d7024c5488307b402662c4b9e14800ba175f54513a1c,https://finance.yahoo.com/quote/SWDA.MI/history,95.06999969482422
2024-09-30,SWDA,SWDA_OFFICIAL_NAV,2024-09-30,2024-09-30,2026-08-28T06:45:02.413410+00:00,a401b93ad067e2fae450d7024c5488307b402662c4b9e14800ba175f54513a1c,https://finance.yahoo.com/quote/SWDA.MI/history,96.38999938964844
2024-10-31,SWDA,SWDA_OFFICIAL_NAV,2024-10-31,2024-10-31,2026-08-28T06:45:02.413410+00:00,a401b93ad067e2fae450d7024c5488307b402662c4b9e14800ba175f54513a1c,https://finance.yahoo.com/quote/SWDA.MI/history,97.55000305175781
2024-11-30,SWDA,SWDA_OFFICIAL_NAV,2024-11-29,2024-11-29,2026-08-28T06:45:02.413410+00:00,a401b93ad067e2fae450d7024c5488307b402662c4b9e14800ba175f54513a1c,https://finance.yahoo.com/quote/SWDA.MI/history,104.83999633789062
2024-12-31,SWDA,SWDA_OFFICIAL_NAV,2024-12-30,2024-12-30,2026-08-28T06:45:02.413410+00:00,a401b93ad067e2fae450d7024c5488307b402662c4b9e14800ba175f54513a1c,https://finance.yahoo.com/quote/SWDA.MI/history,103.93000030517578
2025-01-31,SWDA,SWDA_OFFICIAL_NAV,2025-01-31,2025-01-31,2026-08-28T06:45:02.413410+00:00,a401b93ad067e2fae450d7024c5488307b402662c4b9e14800ba175f54513a1c,https://finance.yahoo.com/quote/SWDA.MI/history,108.19000244140625
2025-02-28,SWDA,SWDA_OFFICIAL_NAV,2025-02-28,2025-02-28,2026-08-28T06:45:02.413410+00:00,a401b93ad067e2fae450d7024c5488307b402662c4b9e14800ba175f54513a1c,https://finance.yahoo.com/quote/SWDA.MI/history,105.43000030517578
2025-03-31,SWDA,SWDA_OFFICIAL_NAV,2025-03-31,2025-03-31,2026-08-28T06:45:02.413410+00:00,a401b93ad067e2fae450d7024c5488307b402662c4b9e14800ba175f54513a1c,https://finance.yahoo.com/quote/SWDA.MI/history,97.11000061035156
2025-04-30,SWDA,SWDA_OFFICIAL_NAV,2025-04-30,2025-04-30,2026-08-28T06:45:02.413410+00:00,a401b93ad067e2fae450d7024c5488307b402662c4b9e14800ba175f54513a1c,https://finance.yahoo.com/quote/SWDA.MI/history,93.33999633789062
2025-05-31,SWDA,SWDA_OFFICIAL_NAV,2025-05-30,2025-05-30,2026-08-28T06:45:02.413410+00:00,a401b93ad067e2fae450d7024c5488307b402662c4b9e14800ba175f54513a1c,https://finance.yahoo.com/quote/SWDA.MI/history,99.2699966430664
2025-06-30,SWDA,SWDA_OFFICIAL_NAV,2025-06-30,2025-06-30,2026-08-28T06:45:02.413410+00:00,a401b93ad067e2fae450d7024c5488307b402662c4b9e14800ba175f54513a1c,https://finance.yahoo.com/quote/SWDA.MI/history,100.1500015258789
2025-07-31,SWDA,SWDA_OFFICIAL_NAV,2025-07-31,2025-07-31,2026-08-28T06:45:02.413410+00:00,a401b93ad067e2fae450d7024c5488307b402662c4b9e14800ba175f54513a1c,https://finance.yahoo.com/quote/SWDA.MI/history,104.93000030517578
2025-08-31,SWDA,SWDA_OFFICIAL_NAV,2025-08-29,2025-08-29,2026-08-28T06:45:02.413410+00:00,a401b93ad067e2fae450d7024c5488307b402662c4b9e14800ba175f54513a1c,https://finance.yahoo.com/quote/SWDA.MI/history,104.5999984741211
2025-09-30,SWDA,SWDA_OFFICIAL_NAV,2025-09-30,2025-09-30,2026-08-28T06:45:02.413410+00:00,a401b93ad067e2fae450d7024c5488307b402662c4b9e14800ba175f54513a1c,https://finance.yahoo.com/quote/SWDA.MI/history,107.2300033569336
2025-10-31,SWDA,SWDA_OFFICIAL_NAV,2025-10-31,2025-10-31,2026-08-28T06:45:02.413410+00:00,a401b93ad067e2fae450d7024c5488307b402662c4b9e14800ba175f54513a1c,https://finance.yahoo.com/quote/SWDA.MI/history,111.81999969482422
2025-11-30,SWDA,SWDA_OFFICIAL_NAV,2025-11-28,2025-11-28,2026-08-28T06:45:02.413410+00:00,a401b93ad067e2fae450d7024c5488307b402662c4b9e14800ba175f54513a1c,https://finance.yahoo.com/quote/SWDA.MI/history,111.43000030517578
2025-12-31,SWDA,SWDA_OFFICIAL_NAV,2025-12-30,2025-12-30,2026-08-28T06:45:02.413410+00:00,a401b93ad067e2fae450d7024c5488307b402662c4b9e14800ba175f54513a1c,https://finance.yahoo.com/quote/SWDA.MI/history,111.80999755859375
2026-01-31,SWDA,SWDA_OFFICIAL_NAV,2026-01-30,2026-01-30,2026-08-28T06:45:02.413410+00:00,a401b93ad067e2fae450d7024c5488307b402662c4b9e14800ba175f54513a1c,https://finance.yahoo.com/quote/SWDA.MI/history,112.19000244140625
2026-02-28,SWDA,SWDA_OFFICIAL_NAV,2026-02-27,2026-02-27,2026-08-28T06:45:02.413410+00:00,a401b93ad067e2fae450d7024c5488307b402662c4b9e14800ba175f54513a1c,https://finance.yahoo.com/quote/SWDA.MI/history,113.58000183105469
2026-03-31,SWDA,SWDA_OFFICIAL_NAV,2026-03-31,2026-03-31,2026-08-28T06:45:02.413410+00:00,a401b93ad067e2fae450d7024c5488307b402662c4b9e14800ba175f54513a1c,https://finance.yahoo.com/quote/SWDA.MI/history,108.12000274658203
2026-04-30,SWDA,SWDA_OFFICIAL_NAV,2026-04-30,2026-04-30,2026-08-28T06:45:02.413410+00:00,a401b93ad067e2fae450d7024c5488307b402662c4b9e14800ba175f54513a1c,https://finance.yahoo.com/quote/SWDA.MI/history,117.06999969482422
2026-05-31,SWDA,SWDA_OFFICIAL_NAV,2026-05-29,2026-05-29,2026-08-28T06:45:02.413410+00:00,a401b93ad067e2fae450d7024c5488307b402662c4b9e14800ba175f54513a1c,https://finance.yahoo.com/quote/SWDA.MI/history,123.43000030517578
2026-06-30,SWDA,SWDA_OFFICIAL_NAV,2026-06-30,2026-06-30,2026-08-28T06:45:02.413410+00:00,a401b93ad067e2fae450d7024c5488307b402662c4b9e14800ba175f54513a1c,https://finance.yahoo.com/quote/SWDA.MI/history,125.08999633789062
2026-07-31,SWDA,SWDA_OFFICIAL_NAV,2026-07-31,2026-07-31,2026-08-28T06:45:02.413410+00:00,a401b93ad067e2fae450d7024c5488307b402662c4b9e14800ba175f54513a1c,https://finance.yahoo.com/quote/SWDA.MI/history,124.2300033569336
2026-08-28,SWDA,SWDA_OFFICIAL_NAV,2026-08-26,2026-08-26,2026-08-28T06:45:02.413410+00:00,a401b93ad067e2fae450d7024c5488307b402662c4b9e14800ba175f54513a1c,https://finance.yahoo.com/quote/SWDA.MI/history,126.68000030517578
