month_end,source_id,observation_date,available_at,retrieved_at,source_hash,source_url,cash_return_eur
2018-12-31,ECB_DEPOSIT_FACILITY,2018-12-31,2018-12-31,2026-08-28T06:45:02.413410+00:00,0850eb217de986581190d55f2920ba0ea4be6e452a939a6532856a992e0df159,https://data-api.ecb.europa.eu/service/data/FM/D.U2.EUR.4F.KR.DFR.LEV?format=csvdata,-0.0003443870432025382851365506
2019-01-31,ECB_DEPOSIT_FACILITY,2019-01-31,2019-01-31,2026-08-28T06:45:02.413410+00:00,0850eb217de986581190d55f2920ba0ea4be6e452a939a6532856a992e0df159,https://data-api.ecb.europa.eu/service/data/FM/D.U2.EUR.4F.KR.DFR.LEV?format=csvdata,-0.0003443870432025382851365506
2019-02-28,ECB_DEPOSIT_FACILITY,2019-02-28,2019-02-28,2026-08-28T06:45:02.413410+00:00,0850eb217de986581190d55f2920ba0ea4be6e452a939a6532856a992e0df159,https://data-api.ecb.europa.eu/service/data/FM/D.U2.EUR.4F.KR.DFR.LEV?format=csvdata,-0.0003110644489379595502507769
2019-03-31,ECB_DEPOSIT_FACILITY,2019-03-31,2019-03-31,2026-08-28T06:45:02.413410+00:00,0850eb217de986581190d55f2920ba0ea4be6e452a939a6532856a992e0df159,https://data-api.ecb.europa.eu/service/data/FM/D.U2.EUR.4F.KR.DFR.LEV?format=csvdata,-0.0003443870432025382851365506
2019-04-30,ECB_DEPOSIT_FACILITY,2019-04-30,2019-04-30,2026-08-28T06:45:02.413410+00:00,0850eb217de986581190d55f2920ba0ea4be6e452a939a6532856a992e0df159,https://data-api.ecb.europa.eu/service/data/FM/D.U2.EUR.4F.KR.DFR.LEV?format=csvdata,-0.0003332796351984849349691614
2019-05-31,ECB_DEPOSIT_FACILITY,2019-05-31,2019-05-31,2026-08-28T06:45:02.413410+00:00,0850eb217de986581190d55f2920ba0ea4be6e452a939a6532856a992e0df159,https://data-api.ecb.europa.eu/service/data/FM/D.U2.EUR.4F.KR.DFR.LEV?format=csvdata,-0.0003443870432025382851365506
2019-06-30,ECB_DEPOSIT_FACILITY,2019-06-30,2019-06-30,2026-08-28T06:45:02.413410+00:00,0850eb217de986581190d55f2920ba0ea4be6e452a939a6532856a992e0df159,https://data-api.ecb.europa.eu/service/data/FM/D.U2.EUR.4F.KR.DFR.LEV?format=csvdata,-0.0003332796351984849349691614
2019-07-31,ECB_DEPOSIT_FACILITY,2019-07-31,2019-07-31,2026-08-28T06:45:02.413410+00:00,0850eb217de986581190d55f2920ba0ea4be6e452a939a6532856a992e0df159,https://data-api.ecb.europa.eu/service/data/FM/D.U2.EUR.4F.KR.DFR.LEV?format=csvdata,-0.0003443870432025382851365506
2019-08-31,ECB_DEPOSIT_FACILITY,2019-08-31,2019-08-31,2026-08-28T06:45:02.413410+00:00,0850eb217de986581190d55f2920ba0ea4be6e452a939a6532856a992e0df159,https://data-api.ecb.europa.eu/service/data/FM/D.U2.EUR.4F.KR.DFR.LEV?format=csvdata,-0.0003443870432025382851365506
2019-09-30,ECB_DEPOSIT_FACILITY,2019-09-30,2019-09-30,2026-08-28T06:45:02.413410+00:00,0850eb217de986581190d55f2920ba0ea4be6e452a939a6532856a992e0df159,https://data-api.ecb.europa.eu/service/data/FM/D.U2.EUR.4F.KR.DFR.LEV?format=csvdata,-0.0003693785106584505934677671
2019-10-31,ECB_ESTR,2019-10-31,2019-10-31,2026-08-28T06:45:02.413410+00:00,04b638b29745092276915b6485c7f261dcba14d80d18a62699933d87953d4205,https://data-api.ecb.europa.eu/service/data/EST/B.EU000A2X2A25.WT?format=csvdata,-0.0004728917600888844090737312
2019-11-30,ECB_ESTR,2019-11-29,2019-11-29,2026-08-28T06:45:02.413410+00:00,04b638b29745092276915b6485c7f261dcba14d80d18a62699933d87953d4205,https://data-api.ecb.europa.eu/service/data/EST/B.EU000A2X2A25.WT?format=csvdata,-0.0004478474756428431843497490
2019-12-31,ECB_ESTR,2019-12-31,2019-12-31,2026-08-28T06:45:02.413410+00:00,04b638b29745092276915b6485c7f261dcba14d80d18a62699933d87953d4205,https://data-api.ecb.europa.eu/service/data/EST/B.EU000A2X2A25.WT?format=csvdata,-0.0004661725924610097455512183
2020-01-31,ECB_ESTR,2020-01-31,2020-01-31,2026-08-28T06:45:02.413410+00:00,04b638b29745092276915b6485c7f261dcba14d80d18a62699933d87953d4205,https://data-api.ecb.europa.eu/service/data/EST/B.EU000A2X2A25.WT?format=csvdata,-0.0004626186346918005128170192
2020-02-29,ECB_ESTR,2020-02-28,2020-02-28,2026-08-28T06:45:02.413410+00:00,04b638b29745092276915b6485c7f261dcba14d80d18a62699933d87953d4205,https://data-api.ecb.europa.eu/service/data/EST/B.EU000A2X2A25.WT?format=csvdata,-0.0004335758880544180535946938
2020-03-31,ECB_ESTR,2020-03-31,2020-03-31,2026-08-28T06:45:02.413410+00:00,04b638b29745092276915b6485c7f261dcba14d80d18a62699933d87953d4205,https://data-api.ecb.europa.eu/service/data/EST/B.EU000A2X2A25.WT?format=csvdata,-0.0004597865665274643799965316
2020-04-30,ECB_ESTR,2020-04-30,2020-04-30,2026-08-28T06:45:02.413410+00:00,04b638b29745092276915b6485c7f261dcba14d80d18a62699933d87953d4205,https://data-api.ecb.europa.eu/service/data/EST/B.EU000A2X2A25.WT?format=csvdata,-0.0004473199257851285287208594
2020-05-31,ECB_ESTR,2020-05-29,2020-05-29,2026-08-28T06:45:02.413410+00:00,04b638b29745092276915b6485c7f261dcba14d80d18a62699933d87953d4205,https://data-api.ecb.europa.eu/service/data/EST/B.EU000A2X2A25.WT?format=csvdata,-0.0004652841041677062649612490
2020-06-30,ECB_ESTR,2020-06-30,2020-06-30,2026-08-28T06:45:02.413410+00:00,04b638b29745092276915b6485c7f261dcba14d80d18a62699933d87953d4205,https://data-api.ecb.europa.eu/service/data/EST/B.EU000A2X2A25.WT?format=csvdata,-0.0004546778276143495640338915
2020-07-31,ECB_ESTR,2020-07-31,2020-07-31,2026-08-28T06:45:02.413410+00:00,04b638b29745092276915b6485c7f261dcba14d80d18a62699933d87953d4205,https://data-api.ecb.europa.eu/service/data/EST/B.EU000A2X2A25.WT?format=csvdata,-0.0004734192961578358526358049
2020-08-31,ECB_ESTR,2020-08-31,2020-08-31,2026-08-28T06:45:02.413410+00:00,04b638b29745092276915b6485c7f261dcba14d80d18a62699933d87953d4205,https://data-api.ecb.europa.eu/service/data/EST/B.EU000A2X2A25.WT?format=csvdata,-0.0004755294378900170350840649
2020-09-30,ECB_ESTR,2020-09-30,2020-09-30,2026-08-28T06:45:02.413410+00:00,04b638b29745092276915b6485c7f261dcba14d80d18a62699933d87953d4205,https://data-api.ecb.europa.eu/service/data/EST/B.EU000A2X2A25.WT?format=csvdata,-0.0004612582465367764434972733
2020-10-31,ECB_ESTR,2020-10-30,2020-10-30,2026-08-28T06:45:02.413410+00:00,04b638b29745092276915b6485c7f261dcba14d80d18a62699933d87953d4205,https://data-api.ecb.europa.eu/service/data/EST/B.EU000A2X2A25.WT?format=csvdata,-0.0004771398063194288873226819
2020-11-30,ECB_ESTR,2020-11-30,2020-11-30,2026-08-28T06:45:02.413410+00:00,04b638b29745092276915b6485c7f261dcba14d80d18a62699933d87953d4205,https://data-api.ecb.europa.eu/service/data/EST/B.EU000A2X2A25.WT?format=csvdata,-0.0004636738327414976673754276
2020-12-31,ECB_ESTR,2020-12-31,2020-12-31,2026-08-28T06:45:02.413410+00:00,04b638b29745092276915b6485c7f261dcba14d80d18a62699933d87953d4205,https://data-api.ecb.europa.eu/service/data/EST/B.EU000A2X2A25.WT?format=csvdata,-0.0004795831194182646062953880
2021-01-31,ECB_ESTR,2021-01-29,2021-01-29,2026-08-28T06:45:02.413410+00:00,04b638b29745092276915b6485c7f261dcba14d80d18a62699933d87953d4205,https://data-api.ecb.europa.eu/service/data/EST/B.EU000A2X2A25.WT?format=csvdata,-0.0004866076117457461506221444
2021-02-28,ECB_ESTR,2021-02-26,2021-02-26,2026-08-28T06:45:02.413410+00:00,04b638b29745092276915b6485c7f261dcba14d80d18a62699933d87953d4205,https://data-api.ecb.europa.eu/service/data/EST/B.EU000A2X2A25.WT?format=csvdata,-0.0004385461352579059948715962
2021-03-31,ECB_ESTR,2021-03-31,2021-03-31,2026-08-28T06:45:02.413410+00:00,04b638b29745092276915b6485c7f261dcba14d80d18a62699933d87953d4205,https://data-api.ecb.europa.eu/service/data/EST/B.EU000A2X2A25.WT?format=csvdata,-0.0004858301996263664791272158
2021-04-30,ECB_ESTR,2021-04-30,2021-04-30,2026-08-28T06:45:02.413410+00:00,04b638b29745092276915b6485c7f261dcba14d80d18a62699933d87953d4205,https://data-api.ecb.europa.eu/service/data/EST/B.EU000A2X2A25.WT?format=csvdata,-0.0004714480951283875861864945
2021-05-31,ECB_ESTR,2021-05-31,2021-05-31,2026-08-28T06:45:02.413410+00:00,04b638b29745092276915b6485c7f261dcba14d80d18a62699933d87953d4205,https://data-api.ecb.europa.eu/service/data/EST/B.EU000A2X2A25.WT?format=csvdata,-0.0004863021996514523114820595
2021-06-30,ECB_ESTR,2021-06-30,2021-06-30,2026-08-28T06:45:02.413410+00:00,04b638b29745092276915b6485c7f261dcba14d80d18a62699933d87953d4205,https://data-api.ecb.europa.eu/service/data/EST/B.EU000A2X2A25.WT?format=csvdata,-0.0004703097247312199284711850
2021-07-31,ECB_ESTR,2021-07-30,2021-07-30,2026-08-28T06:45:02.413410+00:00,04b638b29745092276915b6485c7f261dcba14d80d18a62699933d87953d4205,https://data-api.ecb.europa.eu/service/data/EST/B.EU000A2X2A25.WT?format=csvdata,-0.0004876071399367042154719328
2021-08-31,ECB_ESTR,2021-08-31,2021-08-31,2026-08-28T06:45:02.413410+00:00,04b638b29745092276915b6485c7f261dcba14d80d18a62699933d87953d4205,https://data-api.ecb.europa.eu/service/data/EST/B.EU000A2X2A25.WT?format=csvdata,-0.0004891897249086442692132795
2021-09-30,ECB_ESTR,2021-09-30,2021-09-30,2026-08-28T06:45:02.413410+00:00,04b638b29745092276915b6485c7f261dcba14d80d18a62699933d87953d4205,https://data-api.ecb.europa.eu/service/data/EST/B.EU000A2X2A25.WT?format=csvdata,-0.0004748076690234501417413861
2021-10-31,ECB_ESTR,2021-10-29,2021-10-29,2026-08-28T06:45:02.413410+00:00,04b638b29745092276915b6485c7f261dcba14d80d18a62699933d87953d4205,https://data-api.ecb.europa.eu/service/data/EST/B.EU000A2X2A25.WT?format=csvdata,-0.0004914941865068282684923125
2021-11-30,ECB_ESTR,2021-11-30,2021-11-30,2026-08-28T06:45:02.413410+00:00,04b638b29745092276915b6485c7f261dcba14d80d18a62699933d87953d4205,https://data-api.ecb.europa.eu/service/data/EST/B.EU000A2X2A25.WT?format=csvdata,-0.0004772787535540548548024641
2021-12-31,ECB_ESTR,2021-12-31,2021-12-31,2026-08-28T06:45:02.413410+00:00,04b638b29745092276915b6485c7f261dcba14d80d18a62699933d87953d4205,https://data-api.ecb.europa.eu/service/data/EST/B.EU000A2X2A25.WT?format=csvdata,-0.0004970470846553551361088308
2022-01-31,ECB_ESTR,2022-01-31,2022-01-31,2026-08-28T06:45:02.413410+00:00,04b638b29745092276915b6485c7f261dcba14d80d18a62699933d87953d4205,https://data-api.ecb.europa.eu/service/data/EST/B.EU000A2X2A25.WT?format=csvdata,-0.0004980743675915333054819156
2022-02-28,ECB_ESTR,2022-02-28,2022-02-28,2026-08-28T06:45:02.413410+00:00,04b638b29745092276915b6485c7f261dcba14d80d18a62699933d87953d4205,https://data-api.ecb.europa.eu/service/data/EST/B.EU000A2X2A25.WT?format=csvdata,-0.0004483752636031318517166065
2022-03-31,ECB_ESTR,2022-03-31,2022-03-31,2026-08-28T06:45:02.413410+00:00,04b638b29745092276915b6485c7f261dcba14d80d18a62699933d87953d4205,https://data-api.ecb.europa.eu/service/data/EST/B.EU000A2X2A25.WT?format=csvdata,-0.0004981021319372661673475219
2022-04-30,ECB_ESTR,2022-04-29,2022-04-29,2026-08-28T06:45:02.413410+00:00,04b638b29745092276915b6485c7f261dcba14d80d18a62699933d87953d4205,https://data-api.ecb.europa.eu/service/data/EST/B.EU000A2X2A25.WT?format=csvdata,-0.0004864411503563645463611761
2022-05-31,ECB_ESTR,2022-05-31,2022-05-31,2026-08-28T06:45:02.413410+00:00,04b638b29745092276915b6485c7f261dcba14d80d18a62699933d87953d4205,https://data-api.ecb.europa.eu/service/data/EST/B.EU000A2X2A25.WT?format=csvdata,-0.0005036827587629522322336147
2022-06-30,ECB_ESTR,2022-06-30,2022-06-30,2026-08-28T06:45:02.413410+00:00,04b638b29745092276915b6485c7f261dcba14d80d18a62699933d87953d4205,https://data-api.ecb.europa.eu/service/data/EST/B.EU000A2X2A25.WT?format=csvdata,-0.0004849696194627131422900314
2022-07-31,ECB_ESTR,2022-07-29,2022-07-29,2026-08-28T06:45:02.413410+00:00,04b638b29745092276915b6485c7f261dcba14d80d18a62699933d87953d4205,https://data-api.ecb.europa.eu/service/data/EST/B.EU000A2X2A25.WT?format=csvdata,-0.0004318823355620827590124128
2022-08-31,ECB_ESTR,2022-08-31,2022-08-31,2026-08-28T06:45:02.413410+00:00,04b638b29745092276915b6485c7f261dcba14d80d18a62699933d87953d4205,https://data-api.ecb.europa.eu/service/data/EST/B.EU000A2X2A25.WT?format=csvdata,-0.0000728863183423718595966566
2022-09-30,ECB_ESTR,2022-09-30,2022-09-30,2026-08-28T06:45:02.413410+00:00,04b638b29745092276915b6485c7f261dcba14d80d18a62699933d87953d4205,https://data-api.ecb.europa.eu/service/data/EST/B.EU000A2X2A25.WT?format=csvdata,0.000281286663302634413268419
2022-10-31,ECB_ESTR,2022-10-31,2022-10-31,2026-08-28T06:45:02.413410+00:00,04b638b29745092276915b6485c7f261dcba14d80d18a62699933d87953d4205,https://data-api.ecb.europa.eu/service/data/EST/B.EU000A2X2A25.WT?format=csvdata,0.000564376287875032128780194
2022-11-30,ECB_ESTR,2022-11-30,2022-11-30,2026-08-28T06:45:02.413410+00:00,04b638b29745092276915b6485c7f261dcba14d80d18a62699933d87953d4205,https://data-api.ecb.europa.eu/service/data/EST/B.EU000A2X2A25.WT?format=csvdata,0.001148331113540637162137174
2022-12-31,ECB_ESTR,2022-12-30,2022-12-30,2026-08-28T06:45:02.413410+00:00,04b638b29745092276915b6485c7f261dcba14d80d18a62699933d87953d4205,https://data-api.ecb.europa.eu/service/data/EST/B.EU000A2X2A25.WT?format=csvdata,0.001360644327650213029390102
2023-01-31,ECB_ESTR,2023-01-31,2023-01-31,2026-08-28T06:45:02.413410+00:00,04b638b29745092276915b6485c7f261dcba14d80d18a62699933d87953d4205,https://data-api.ecb.europa.eu/service/data/EST/B.EU000A2X2A25.WT?format=csvdata,0.001638742473585734027625764
2023-02-28,ECB_ESTR,2023-02-28,2023-02-28,2026-08-28T06:45:02.413410+00:00,04b638b29745092276915b6485c7f261dcba14d80d18a62699933d87953d4205,https://data-api.ecb.europa.eu/service/data/EST/B.EU000A2X2A25.WT?format=csvdata,0.001770397819370964763322647
2023-03-31,ECB_ESTR,2023-03-31,2023-03-31,2026-08-28T06:45:02.413410+00:00,04b638b29745092276915b6485c7f261dcba14d80d18a62699933d87953d4205,https://data-api.ecb.europa.eu/service/data/EST/B.EU000A2X2A25.WT?format=csvdata,0.002206991685216995149835217
2023-04-30,ECB_ESTR,2023-04-28,2023-04-28,2026-08-28T06:45:02.413410+00:00,04b638b29745092276915b6485c7f261dcba14d80d18a62699933d87953d4205,https://data-api.ecb.europa.eu/service/data/EST/B.EU000A2X2A25.WT?format=csvdata,0.002418405724374674551499981
2023-05-31,ECB_ESTR,2023-05-31,2023-05-31,2026-08-28T06:45:02.413410+00:00,04b638b29745092276915b6485c7f261dcba14d80d18a62699933d87953d4205,https://data-api.ecb.europa.eu/service/data/EST/B.EU000A2X2A25.WT?format=csvdata,0.002651841086353002969237190
2023-06-30,ECB_ESTR,2023-06-30,2023-06-30,2026-08-28T06:45:02.413410+00:00,04b638b29745092276915b6485c7f261dcba14d80d18a62699933d87953d4205,https://data-api.ecb.europa.eu/service/data/EST/B.EU000A2X2A25.WT?format=csvdata,0.002695588972124327820579196
2023-07-31,ECB_ESTR,2023-07-31,2023-07-31,2026-08-28T06:45:02.413410+00:00,04b638b29745092276915b6485c7f261dcba14d80d18a62699933d87953d4205,https://data-api.ecb.europa.eu/service/data/EST/B.EU000A2X2A25.WT?format=csvdata,0.002934102068302347342166989
2023-08-31,ECB_ESTR,2023-08-31,2023-08-31,2026-08-28T06:45:02.413410+00:00,04b638b29745092276915b6485c7f261dcba14d80d18a62699933d87953d4205,https://data-api.ecb.europa.eu/service/data/EST/B.EU000A2X2A25.WT?format=csvdata,0.003143354448662441064286635
2023-09-30,ECB_ESTR,2023-09-29,2023-09-29,2026-08-28T06:45:02.413410+00:00,04b638b29745092276915b6485c7f261dcba14d80d18a62699933d87953d4205,https://data-api.ecb.europa.eu/service/data/EST/B.EU000A2X2A25.WT?format=csvdata,0.003123567035763453082637801
2023-10-31,ECB_ESTR,2023-10-31,2023-10-31,2026-08-28T06:45:02.413410+00:00,04b638b29745092276915b6485c7f261dcba14d80d18a62699933d87953d4205,https://data-api.ecb.europa.eu/service/data/EST/B.EU000A2X2A25.WT?format=csvdata,0.003364242235221996299253380
2023-11-30,ECB_ESTR,2023-11-30,2023-11-30,2026-08-28T06:45:02.413410+00:00,04b638b29745092276915b6485c7f261dcba14d80d18a62699933d87953d4205,https://data-api.ecb.europa.eu/service/data/EST/B.EU000A2X2A25.WT?format=csvdata,0.003256838016494315567088623
2023-12-31,ECB_ESTR,2023-12-29,2023-12-29,2026-08-28T06:45:02.413410+00:00,04b638b29745092276915b6485c7f261dcba14d80d18a62699933d87953d4205,https://data-api.ecb.europa.eu/service/data/EST/B.EU000A2X2A25.WT?format=csvdata,0.003364102894060286962354997
2024-01-31,ECB_ESTR,2024-01-31,2024-01-31,2026-08-28T06:45:02.413410+00:00,04b638b29745092276915b6485c7f261dcba14d80d18a62699933d87953d4205,https://data-api.ecb.europa.eu/service/data/EST/B.EU000A2X2A25.WT?format=csvdata,0.003366694640682066346436003
2024-02-29,ECB_ESTR,2024-02-29,2024-02-29,2026-08-28T06:45:02.413410+00:00,04b638b29745092276915b6485c7f261dcba14d80d18a62699933d87953d4205,https://data-api.ecb.europa.eu/service/data/EST/B.EU000A2X2A25.WT?format=csvdata,0.003152398696013496025327517
2024-03-31,ECB_ESTR,2024-03-28,2024-03-28,2026-08-28T06:45:02.413410+00:00,04b638b29745092276915b6485c7f261dcba14d80d18a62699933d87953d4205,https://data-api.ecb.europa.eu/service/data/EST/B.EU000A2X2A25.WT?format=csvdata,0.003369007710233027763358875
2024-04-30,ECB_ESTR,2024-04-30,2024-04-30,2026-08-28T06:45:02.413410+00:00,04b638b29745092276915b6485c7f261dcba14d80d18a62699933d87953d4205,https://data-api.ecb.europa.eu/service/data/EST/B.EU000A2X2A25.WT?format=csvdata,0.003261491519396454015329275
2024-05-31,ECB_ESTR,2024-05-31,2024-05-31,2026-08-28T06:45:02.413410+00:00,04b638b29745092276915b6485c7f261dcba14d80d18a62699933d87953d4205,https://data-api.ecb.europa.eu/service/data/EST/B.EU000A2X2A25.WT?format=csvdata,0.003369091315059316866657643
2024-06-30,ECB_ESTR,2024-06-28,2024-06-28,2026-08-28T06:45:02.413410+00:00,04b638b29745092276915b6485c7f261dcba14d80d18a62699933d87953d4205,https://data-api.ecb.europa.eu/service/data/EST/B.EU000A2X2A25.WT?format=csvdata,0.003131424052222345675340144
2024-07-31,ECB_ESTR,2024-07-31,2024-07-31,2026-08-28T06:45:02.413410+00:00,04b638b29745092276915b6485c7f261dcba14d80d18a62699933d87953d4205,https://data-api.ecb.europa.eu/service/data/EST/B.EU000A2X2A25.WT?format=csvdata,0.003158706697557773643795999
2024-08-31,ECB_ESTR,2024-08-30,2024-08-30,2026-08-28T06:45:02.413410+00:00,04b638b29745092276915b6485c7f261dcba14d80d18a62699933d87953d4205,https://data-api.ecb.europa.eu/service/data/EST/B.EU000A2X2A25.WT?format=csvdata,0.003159236088682074505118726
2024-09-30,ECB_ESTR,2024-09-30,2024-09-30,2026-08-28T06:45:02.413410+00:00,04b638b29745092276915b6485c7f261dcba14d80d18a62699933d87953d4205,https://data-api.ecb.europa.eu/service/data/EST/B.EU000A2X2A25.WT?format=csvdata,0.002966662093192030853157256
2024-10-31,ECB_ESTR,2024-10-31,2024-10-31,2026-08-28T06:45:02.413410+00:00,04b638b29745092276915b6485c7f261dcba14d80d18a62699933d87953d4205,https://data-api.ecb.europa.eu/service/data/EST/B.EU000A2X2A25.WT?format=csvdata,0.002881203490545782295052408
2024-11-30,ECB_ESTR,2024-11-29,2024-11-29,2026-08-28T06:45:02.413410+00:00,04b638b29745092276915b6485c7f261dcba14d80d18a62699933d87953d4205,https://data-api.ecb.europa.eu/service/data/EST/B.EU000A2X2A25.WT?format=csvdata,0.002640419444651258000179708
2024-12-31,ECB_ESTR,2024-12-31,2024-12-31,2026-08-28T06:45:02.413410+00:00,04b638b29745092276915b6485c7f261dcba14d80d18a62699933d87953d4205,https://data-api.ecb.europa.eu/service/data/EST/B.EU000A2X2A25.WT?format=csvdata,0.002630898775286656243951239
2025-01-31,ECB_ESTR,2025-01-31,2025-01-31,2026-08-28T06:45:02.413410+00:00,04b638b29745092276915b6485c7f261dcba14d80d18a62699933d87953d4205,https://data-api.ecb.europa.eu/service/data/EST/B.EU000A2X2A25.WT?format=csvdata,0.002516587185647566513470951
2025-02-28,ECB_ESTR,2025-02-28,2025-02-28,2026-08-28T06:45:02.413410+00:00,04b638b29745092276915b6485c7f261dcba14d80d18a62699933d87953d4205,https://data-api.ecb.europa.eu/service/data/EST/B.EU000A2X2A25.WT?format=csvdata,0.002102990407251448143385200
2025-03-31,ECB_ESTR,2025-03-31,2025-03-31,2026-08-28T06:45:02.413410+00:00,04b638b29745092276915b6485c7f261dcba14d80d18a62699933d87953d4205,https://data-api.ecb.europa.eu/service/data/EST/B.EU000A2X2A25.WT?format=csvdata,0.002158473227213564100824305
2025-04-30,ECB_ESTR,2025-04-30,2025-04-30,2026-08-28T06:45:02.413410+00:00,04b638b29745092276915b6485c7f261dcba14d80d18a62699933d87953d4205,https://data-api.ecb.europa.eu/service/data/EST/B.EU000A2X2A25.WT?format=csvdata,0.001959798312104706271318371
2025-05-31,ECB_ESTR,2025-05-30,2025-05-30,2026-08-28T06:45:02.413410+00:00,04b638b29745092276915b6485c7f261dcba14d80d18a62699933d87953d4205,https://data-api.ecb.europa.eu/service/data/EST/B.EU000A2X2A25.WT?format=csvdata,0.001868965886011033427951580
2025-06-30,ECB_ESTR,2025-06-30,2025-06-30,2026-08-28T06:45:02.413410+00:00,04b638b29745092276915b6485c7f261dcba14d80d18a62699933d87953d4205,https://data-api.ecb.europa.eu/service/data/EST/B.EU000A2X2A25.WT?format=csvdata,0.001673657794510813409790057
2025-07-31,ECB_ESTR,2025-07-31,2025-07-31,2026-08-28T06:45:02.413410+00:00,04b638b29745092276915b6485c7f261dcba14d80d18a62699933d87953d4205,https://data-api.ecb.europa.eu/service/data/EST/B.EU000A2X2A25.WT?format=csvdata,0.001656743353471903865829808
2025-08-31,ECB_ESTR,2025-08-29,2025-08-29,2026-08-28T06:45:02.413410+00:00,04b638b29745092276915b6485c7f261dcba14d80d18a62699933d87953d4205,https://data-api.ecb.europa.eu/service/data/EST/B.EU000A2X2A25.WT?format=csvdata,0.001658051002970748352355254
2025-09-30,ECB_ESTR,2025-09-30,2025-09-30,2026-08-28T06:45:02.413410+00:00,04b638b29745092276915b6485c7f261dcba14d80d18a62699933d87953d4205,https://data-api.ecb.europa.eu/service/data/EST/B.EU000A2X2A25.WT?format=csvdata,0.001605077223177929927104577
2025-10-31,ECB_ESTR,2025-10-31,2025-10-31,2026-08-28T06:45:02.413410+00:00,04b638b29745092276915b6485c7f261dcba14d80d18a62699933d87953d4205,https://data-api.ecb.europa.eu/service/data/EST/B.EU000A2X2A25.WT?format=csvdata,0.001660304615575342823554773
2025-11-30,ECB_ESTR,2025-11-28,2025-11-28,2026-08-28T06:45:02.413410+00:00,04b638b29745092276915b6485c7f261dcba14d80d18a62699933d87953d4205,https://data-api.ecb.europa.eu/service/data/EST/B.EU000A2X2A25.WT?format=csvdata,0.001608165344954127824901188
2025-12-31,ECB_ESTR,2025-12-31,2025-12-31,2026-08-28T06:45:02.413410+00:00,04b638b29745092276915b6485c7f261dcba14d80d18a62699933d87953d4205,https://data-api.ecb.europa.eu/service/data/EST/B.EU000A2X2A25.WT?format=csvdata,0.001662752990398971239507017
2026-01-31,ECB_ESTR,2026-01-30,2026-01-30,2026-08-28T06:45:02.413410+00:00,04b638b29745092276915b6485c7f261dcba14d80d18a62699933d87953d4205,https://data-api.ecb.europa.eu/service/data/EST/B.EU000A2X2A25.WT?format=csvdata,0.001664672742894175705443529
2026-02-28,ECB_ESTR,2026-02-27,2026-02-27,2026-08-28T06:45:02.413410+00:00,04b638b29745092276915b6485c7f261dcba14d80d18a62699933d87953d4205,https://data-api.ecb.europa.eu/service/data/EST/B.EU000A2X2A25.WT?format=csvdata,0.001502865677759103531993859
2026-03-31,ECB_ESTR,2026-03-31,2026-03-31,2026-08-28T06:45:02.413410+00:00,04b638b29745092276915b6485c7f261dcba14d80d18a62699933d87953d4205,https://data-api.ecb.europa.eu/service/data/EST/B.EU000A2X2A25.WT?format=csvdata,0.001664839678144047128695231
2026-04-30,ECB_ESTR,2026-04-30,2026-04-30,2026-08-28T06:45:02.413410+00:00,04b638b29745092276915b6485c7f261dcba14d80d18a62699933d87953d4205,https://data-api.ecb.europa.eu/service/data/EST/B.EU000A2X2A25.WT?format=csvdata,0.001610975265711107768159832
2026-05-31,ECB_ESTR,2026-05-29,2026-05-29,2026-08-28T06:45:02.413410+00:00,04b638b29745092276915b6485c7f261dcba14d80d18a62699933d87953d4205,https://data-api.ecb.europa.eu/service/data/EST/B.EU000A2X2A25.WT?format=csvdata,0.001663587665047846829797440
2026-06-30,ECB_ESTR,2026-06-30,2026-06-30,2026-08-28T06:45:02.413410+00:00,04b638b29745092276915b6485c7f261dcba14d80d18a62699933d87953d4205,https://data-api.ecb.europa.eu/service/data/EST/B.EU000A2X2A25.WT?format=csvdata,0.001707935925771836095096435
2026-07-31,ECB_ESTR,2026-07-31,2026-07-31,2026-08-28T06:45:02.413410+00:00,04b638b29745092276915b6485c7f261dcba14d80d18a62699933d87953d4205,https://data-api.ecb.europa.eu/service/data/EST/B.EU000A2X2A25.WT?format=csvdata,0.001882295592250257696898643
2026-08-28,ECB_ESTR,2026-08-27,2026-08-27,2026-08-28T06:45:02.413410+00:00,04b638b29745092276915b6485c7f261dcba14d80d18a62699933d87953d4205,https://data-api.ecb.europa.eu/service/data/EST/B.EU000A2X2A25.WT?format=csvdata,0.001702312297216517921694968
